timestamp,id,available,bases,bikes,free_bases,reservations,light
1635057903405,1,1,30,2,25,0,0
1635057903405,2,1,30,0,26,0,0
1635057903405,3,1,24,2,19,0,0
1635057903405,4,1,18,5,11,0,2
1635057903405,5,1,24,0,23,0,0
1635057903405,6,1,27,0,26,0,0
1635057903405,7,1,24,10,11,0,2
1635057903405,8,1,21,2,18,0,0
1635057903405,9,1,24,2,15,0,0
1635057903405,10,1,24,2,19,0,0
1635057903405,11,1,24,0,19,0,0
1635057903405,12,1,24,0,21,0,0
1635057903405,13,1,24,4,14,0,0
1635057903405,14,1,24,1,18,0,0
1635057903405,15,1,24,5,17,0,0
1635057903405,16,1,21,7,10,0,2
1635057903405,17,1,21,4,12,0,0
1635057903405,18,1,24,0,17,0,0
1635057903405,19,1,24,2,16,0,0
1635057903405,20,1,24,1,20,0,0
1635057903405,21,0,30,0,0,0,3
1635057903405,25,1,24,5,13,0,0
1635057903405,26,0,24,0,0,0,3
1635057903405,27,1,24,7,10,0,2
1635057903405,28,1,24,6,17,0,0
1635057903405,29,1,24,6,18,0,0
1635057903405,30,1,24,1,16,0,0
1635057903405,31,1,24,3,15,0,0
1635057903405,32,1,24,0,21,0,0
1635057903405,33,1,24,4,17,0,0
1635057903405,34,1,27,1,23,0,0
1635057903405,35,1,27,4,18,0,0
1635057903405,36,1,18,13,4,0,1
1635057903405,37,0,21,2,15,0,3
1635057903405,38,1,24,5,16,0,0
1635057903405,39,1,24,5,17,0,0
1635057903405,40,1,24,6,14,0,0
1635057903405,41,1,24,19,2,0,1
1635057903405,42,1,24,19,1,0,1
1635057903405,43,1,27,18,5,0,1
1635057903405,44,1,24,9,11,0,2
1635057903405,45,1,18,3,15,0,0
1635057903405,46,1,24,13,6,0,2
1635057903405,47,1,24,12,11,0,2
1635057903405,48,1,21,13,6,0,2
1635057903405,49,1,21,10,6,0,2
1635057903405,50,1,24,11,11,0,2
1635057903405,51,1,24,5,15,0,0
1635057903405,52,1,24,10,13,0,2
1635057903405,53,1,24,5,18,0,0
1635057903405,54,1,24,3,17,0,0
1635057903405,55,1,27,8,13,0,2
1635057903405,56,1,24,7,14,0,2
1635057903405,57,1,24,8,14,0,2
1635057903405,58,1,21,2,17,0,0
1635057903405,59,1,24,1,16,0,0
1635057903405,60,1,24,4,20,0,0
1635057903405,61,1,24,0,20,0,0
1635057903405,62,1,24,12,10,0,2
1635057903405,63,1,21,1,18,0,0
1635057903405,64,1,24,6,13,1,2
1635057903405,65,1,24,7,17,0,0
1635057903405,66,1,24,6,17,0,0
1635057903405,67,1,24,9,13,0,2
1635057903405,69,1,24,2,21,0,0
1635057903405,71,1,24,12,9,0,2
1635057903405,72,1,21,11,9,0,2
1635057903405,73,1,27,10,10,0,2
1635057903405,74,1,24,5,13,0,0
1635057903405,75,1,24,4,18,0,0
1635057903405,76,1,24,4,17,0,0
1635057903405,77,1,24,2,21,0,0
1635057903405,78,1,24,7,12,0,2
1635057903405,79,1,24,10,9,0,2
1635057903405,80,1,24,18,4,0,1
1635057903405,81,1,22,18,4,0,1
1635057903405,82,1,24,13,8,2,2
1635057903405,83,1,24,16,4,0,1
1635057903405,84,1,24,7,11,0,2
1635057903405,85,1,27,17,8,0,2
1635057903405,86,0,24,0,0,0,3
1635057903405,87,1,24,6,16,0,0
1635057903405,88,1,24,9,14,0,2
1635057903405,89,1,24,10,13,0,2
1635057903405,90,1,27,16,8,0,2
1635057903405,91,1,21,2,15,0,0
1635057903405,92,1,24,3,20,0,0
1635057903405,93,1,24,0,23,0,0
1635057903405,94,1,24,3,20,0,0
1635057903405,95,1,30,4,24,1,0
1635057903405,96,1,24,2,20,0,0
1635057903405,97,1,24,1,21,0,0
1635057903405,98,1,24,0,22,0,0
1635057903405,99,1,21,8,10,1,2
1635057903405,100,1,24,2,21,0,0
1635057903405,101,1,27,2,24,0,0
1635057903405,102,1,27,6,20,0,0
1635057903405,103,1,24,1,20,0,0
1635057903405,104,1,24,8,16,0,2
1635057903405,105,1,24,1,20,0,0
1635057903405,106,1,24,11,8,0,2
1635057903405,107,1,24,2,22,0,0
1635057903405,108,1,24,6,16,0,0
1635057903405,109,1,21,3,16,0,0
1635057903405,110,1,24,5,18,0,0
1635057903405,111,1,18,0,18,0,0
1635057903405,112,1,18,1,17,0,0
1635057903405,113,1,24,0,24,0,0
1635057903405,114,1,27,9,16,0,2
1635057903405,115,1,24,2,21,0,0
1635057903405,116,1,24,2,18,0,0
1635057903405,117,1,24,2,21,0,0
1635057903405,118,1,24,2,18,0,0
1635057903405,119,1,24,0,20,0,0
1635057903405,120,1,24,3,19,0,0
1635057903405,121,1,24,7,17,0,0
1635057903405,122,1,24,8,15,0,2
1635057903405,123,0,24,0,0,0,3
1635057903405,124,0,24,0,0,0,3
1635057903405,125,1,24,11,11,0,2
1635057903405,126,1,24,16,7,0,2
1635057903405,127,1,24,14,8,0,2
1635057903405,128,1,24,17,3,0,1
1635057903405,129,1,24,22,1,0,1
1635057903405,130,1,24,1,23,0,0
1635057903405,131,1,24,7,13,0,2
1635057903405,169,1,24,3,19,0,0
1635057903405,164,1,24,2,18,0,0
1635057903405,163,1,24,2,18,0,0
1635057903405,168,1,24,4,19,0,0
1635057903405,160,1,27,0,22,0,0
1635057903405,161,1,24,1,18,1,0
1635057903405,157,1,20,5,12,0,0
1635057903405,156,1,24,1,22,0,0
1635057903405,149,1,24,9,11,0,2
1635057903405,150,1,24,7,15,0,2
1635057903405,153,1,24,0,21,0,0
1635057903405,158,1,24,0,22,0,0
1635057903405,151,1,24,0,19,0,0
1635057903405,152,1,24,2,17,0,0
1635057903405,154,1,24,2,20,0,0
1635057903405,159,1,24,2,18,0,0
1635057903405,162,1,27,3,23,0,0
1635057903405,165,1,12,0,11,0,0
1635057903405,167,1,24,6,18,0,0
1635057903405,166,1,24,6,18,0,0
1635057903405,170,1,24,1,22,0,0
1635057903405,171,1,24,1,19,0,0
1635057903405,155,1,18,6,8,0,2
1635057903405,148,1,24,3,19,0,0
1635057903405,144,1,24,10,13,0,2
1635057903405,146,1,24,0,20,0,0
1635057903405,147,1,24,1,20,0,0
1635057903405,145,1,24,1,20,0,0
1635057903405,142,1,24,7,14,0,2
1635057903405,143,1,24,0,0,0,0
1635057903405,141,1,24,6,18,0,0
1635057903405,139,1,24,6,15,0,0
1635057903405,140,1,24,0,24,0,0
1635057903405,137,1,24,1,23,0,0
1635057903405,138,1,24,3,20,0,0
1635057903405,173,1,24,8,14,0,2
1635057903405,172,1,24,5,16,0,0
1635057903405,132,1,27,16,5,1,1
1635057903405,133,1,24,14,4,0,1
1635057903405,134,1,21,5,8,0,2
1635057903405,136,1,24,20,1,0,1
1635057903405,135,1,27,22,0,0,1
1635057903405,174,1,24,8,15,0,2
1635057903405,175,1,24,18,1,0,1
1635057903405,176,1,24,20,3,0,1
1635057903405,177,1,24,14,5,0,1
1635057903405,178,1,24,13,11,0,2
1635057903405,179,1,24,22,0,0,1
1635057903405,180,1,24,19,3,0,1
1635057903405,181,1,24,22,1,0,1
1635057903405,182,1,27,18,5,0,1
1635057903405,183,1,21,17,1,0,1
1635057903405,184,1,24,21,0,0,1
1635057903405,185,1,24,20,2,0,1
1635057903405,186,1,24,17,7,0,1
1635057903405,187,1,24,15,7,0,2
1635057903405,188,1,24,14,10,0,2
1635057903405,189,1,27,1,24,0,0
1635057903405,190,1,24,9,12,0,2
1635057903405,191,1,24,6,15,0,0
1635057903405,192,1,24,4,17,0,0
1635057903405,193,1,24,9,14,0,2
1635057903405,194,1,24,1,20,0,0
1635057903405,195,1,24,4,19,0,0
1635057903405,196,1,27,4,19,0,0
1635057903405,197,1,24,1,21,0,0
1635057903405,198,1,24,1,23,0,0
1635057903405,199,1,18,7,10,0,2
1635057903405,200,1,27,12,13,0,2
1635057903405,201,1,27,2,22,0,0
1635057903405,202,1,24,1,19,0,0
1635057903405,203,1,24,1,18,0,0
1635057903405,204,1,24,9,10,0,2
1635057903405,205,1,24,2,20,0,0
1635057903405,206,1,24,1,21,0,0
1635057903405,207,1,27,7,19,0,0
1635057903405,208,1,24,5,17,0,0
1635057903405,209,1,24,3,20,0,0
1635057903405,210,1,24,2,18,0,0
1635057903405,211,1,24,0,22,0,0
1635057903405,212,1,24,11,11,0,2
1635057903405,213,1,24,8,12,0,2
1635057903405,214,1,24,14,6,0,1
1635057903405,215,1,18,1,17,0,0
1635057903405,216,1,24,4,20,0,0
1635057903405,217,1,24,4,20,0,0
1635057903405,218,1,27,2,20,0,0
1635057903405,219,1,24,4,16,0,0
1635057903405,220,1,24,16,4,0,1
1635057903405,221,1,24,21,0,0,1
1635057903405,222,1,24,0,22,0,0
1635057903405,223,1,24,8,13,0,2
1635057903405,224,1,24,19,1,0,1
1635057903405,225,1,24,4,17,2,0
1635057903405,226,1,24,8,12,0,2
1635057903405,227,1,24,17,5,0,1
1635057903405,228,1,24,7,15,0,2
1635057903405,229,1,24,23,0,0,1
1635057903405,230,1,24,22,0,0,1
1635057903405,231,1,24,19,2,0,1
1635057903405,232,1,24,21,1,0,1
1635057903405,233,1,24,2,19,0,0
1635057903405,234,1,24,18,5,0,1
1635057903405,236,1,24,21,2,0,1
1635057903405,235,1,24,18,4,0,1
1635057903405,237,1,24,8,11,0,2
1635057903405,238,1,24,7,11,0,2
1635057903405,239,1,24,4,18,0,0
1635057903405,240,1,24,4,19,0,0
1635057903405,241,1,24,11,13,0,2
1635057903405,242,1,24,8,15,0,2
1635057903405,243,1,24,23,0,0,1
1635057903405,244,1,24,22,0,0,1
1635057903405,245,1,24,9,13,0,2
1635057903405,246,1,24,0,23,0,0
1635057903405,247,1,24,11,11,0,2
1635057903405,248,1,24,7,14,0,2
1635057903405,249,1,24,11,11,0,2
1635057903405,250,1,24,5,18,0,0
1635057903405,251,1,24,4,18,0,0
1635057903405,252,1,24,2,22,0,0
1635057903405,253,1,24,4,13,0,0
1635057903405,254,1,24,6,17,0,0
1635057903405,270,1,24,1,19,0,0
1635057903405,256,1,24,8,16,0,2
1635057903405,257,1,24,8,16,0,2
1635057903405,258,1,24,2,20,0,0
1635057903405,259,1,24,8,15,0,2
1635057903405,260,1,24,4,19,0,0
1635057903405,261,1,21,1,17,0,0
1635057903405,262,1,24,13,10,0,2
1635057903405,263,1,24,4,19,0,0
1635057903405,264,1,24,0,21,0,0
1635057903405,265,1,24,11,11,0,2
1635057903405,266,0,24,1,0,0,3
1635057903405,267,1,24,8,13,0,2
1635057903405,268,1,24,5,18,0,0
1635057903405,269,1,24,7,12,0,2
1635083342493,1,1,30,3,23,0,0
1635083342493,2,1,30,6,20,0,0
1635083342493,3,1,24,3,17,1,0
1635083342493,4,1,18,2,15,0,0
1635083342493,5,1,24,1,22,0,0
1635083342493,6,1,27,2,24,0,0
1635083342493,7,1,24,5,16,0,0
1635083342493,8,1,21,7,12,0,2
1635083342493,9,1,24,4,13,0,0
1635083342493,10,1,24,10,11,1,2
1635083342493,11,1,24,3,16,0,0
1635083342493,12,1,24,3,19,0,0
1635083342493,13,1,24,5,11,0,2
1635083342493,14,1,24,2,16,0,0
1635083342493,15,1,24,6,16,0,0
1635083342493,16,1,21,2,15,0,0
1635083342493,17,1,21,4,12,0,0
1635083342493,18,1,24,1,15,0,0
1635083342493,19,1,24,0,16,0,0
1635083342493,20,1,24,1,20,0,0
1635083342493,21,0,30,0,0,0,3
1635083342493,25,1,24,3,17,0,0
1635083342493,26,0,24,0,0,0,3
1635083342493,27,1,24,3,14,0,0
1635083342493,28,1,24,3,20,0,0
1635083342493,29,1,24,3,21,0,0
1635083342493,30,1,24,8,12,0,2
1635083342493,31,1,24,15,3,0,1
1635083342493,32,1,24,7,14,0,2
1635083342493,33,1,24,17,3,0,1
1635083342493,34,1,27,4,22,0,0
1635083342493,35,1,27,7,14,0,2
1635083342493,36,1,18,16,1,0,1
1635083342493,37,0,21,2,15,0,3
1635083342493,38,1,24,20,3,0,1
1635083342493,39,1,24,12,10,0,2
1635083342493,40,1,24,2,18,0,0
1635083342493,41,1,24,22,0,0,1
1635083342493,42,1,24,19,0,0,1
1635083342493,43,1,27,20,2,0,1
1635083342493,44,1,24,10,8,0,2
1635083342493,45,1,18,15,3,0,1
1635083342493,46,1,24,3,14,1,0
1635083342493,47,1,24,5,18,0,0
1635083342493,48,1,21,12,7,0,2
1635083342493,49,1,21,15,1,0,1
1635083342493,50,1,24,20,1,0,1
1635083342493,51,1,24,4,15,0,0
1635083342493,52,1,24,8,14,0,2
1635083342493,53,1,24,11,12,1,2
1635083342493,54,1,24,7,12,0,2
1635083342493,55,1,27,16,5,0,1
1635083342493,56,1,24,10,10,0,2
1635083342493,57,1,24,14,7,0,2
1635083342493,58,1,21,1,17,0,0
1635083342493,59,1,24,6,10,1,2
1635083342493,60,1,24,10,12,0,2
1635083342493,61,1,24,1,19,0,0
1635083342493,62,1,24,13,8,0,2
1635083342493,63,1,21,2,18,0,0
1635083342493,64,1,24,18,1,0,1
1635083342493,65,1,24,7,16,0,0
1635083342493,66,1,24,5,18,0,0
1635083342493,67,1,24,6,13,0,2
1635083342493,69,1,24,9,15,0,2
1635083342493,71,1,24,13,8,0,2
1635083342493,72,1,21,18,1,0,1
1635083342493,73,1,27,24,3,0,1
1635083342493,74,1,24,6,11,0,2
1635083342493,75,1,24,4,17,0,0
1635083342493,76,1,24,3,18,0,0
1635083342493,77,1,24,9,14,0,2
1635083342493,78,1,24,8,8,1,2
1635083342493,79,1,24,11,9,0,2
1635083342493,80,1,24,20,2,0,1
1635083342493,81,1,22,13,9,0,2
1635083342493,82,1,24,3,18,2,0
1635083342493,83,1,24,15,6,0,1
1635083342493,84,1,24,9,14,0,2
1635083342493,85,1,27,23,3,0,1
1635083342493,86,0,24,0,0,0,3
1635083342493,87,1,24,7,14,0,2
1635083342493,88,1,24,13,10,0,2
1635083342493,89,1,24,7,17,0,0
1635083342493,90,1,27,7,15,0,2
1635083342493,91,1,21,2,13,0,0
1635083342493,92,1,24,5,17,0,0
1635083342493,93,1,24,1,22,0,0
1635083342493,94,1,24,1,22,0,0
1635083342493,95,1,30,5,24,0,0
1635083342493,96,1,24,1,21,0,0
1635083342493,97,1,24,6,16,0,0
1635083342493,98,1,24,2,19,0,0
1635083342493,99,1,21,12,6,0,2
1635083342493,100,1,24,6,17,0,0
1635083342493,101,1,27,7,19,0,0
1635083342493,102,1,27,7,19,0,0
1635083342493,103,1,24,7,14,0,2
1635083342493,104,1,24,3,19,0,0
1635083342493,105,1,24,4,15,0,0
1635083342493,106,1,24,3,14,1,0
1635083342493,107,1,24,12,12,0,2
1635083342493,108,1,24,13,8,0,2
1635083342493,109,1,21,2,17,0,0
1635083342493,110,1,24,5,18,0,0
1635083342493,111,1,18,0,18,0,0
1635083342493,112,1,18,2,16,0,0
1635083342493,113,1,24,4,20,0,0
1635083342493,114,1,27,2,23,0,0
1635083342493,115,1,24,4,17,0,0
1635083342493,116,1,24,1,18,0,0
1635083342493,117,1,24,1,23,0,0
1635083342493,118,1,24,1,19,0,0
1635083342493,119,1,24,0,21,0,0
1635083342493,120,1,24,1,20,0,0
1635083342493,121,1,24,4,19,0,0
1635083342493,122,1,24,6,17,0,0
1635083342493,123,0,24,0,0,0,3
1635083342493,124,0,24,0,0,0,3
1635083342493,125,1,24,0,21,0,0
1635083342493,126,1,24,13,9,1,2
1635083342493,127,1,24,4,19,0,0
1635083342493,128,1,24,17,6,0,1
1635083342493,129,1,24,12,11,0,2
1635083342493,130,1,24,2,22,0,0
1635083342493,131,1,24,1,23,0,0
1635083342493,169,1,24,3,21,0,0
1635083342493,164,1,24,1,22,0,0
1635083342493,163,1,24,2,18,0,0
1635083342493,168,1,24,0,22,0,0
1635083342493,160,1,27,1,19,0,0
1635083342493,161,1,24,0,22,0,0
1635083342493,157,1,20,5,9,0,2
1635083342493,156,1,24,8,15,1,2
1635083342493,149,1,24,1,18,0,0
1635083342493,150,1,24,4,17,0,0
1635083342493,153,1,24,1,20,0,0
1635083342493,158,1,24,0,23,0,0
1635083342493,151,1,24,3,16,0,0
1635083342493,152,1,24,7,12,0,2
1635083342493,154,1,24,4,16,0,0
1635083342493,159,1,24,2,19,0,0
1635083342493,162,1,27,2,24,0,0
1635083342493,165,1,12,2,9,0,0
1635083342493,167,1,24,9,15,0,2
1635083342493,166,1,24,2,22,0,0
1635083342493,170,1,24,0,23,0,0
1635083342493,171,1,24,1,19,0,0
1635083342493,155,1,18,8,5,0,2
1635083342493,148,1,24,5,17,0,0
1635083342493,144,1,24,11,11,0,2
1635083342493,146,1,24,2,18,0,0
1635083342493,147,1,24,1,21,0,0
1635083342493,145,1,24,5,16,0,0
1635083342493,142,1,24,4,17,0,0
1635083342493,143,1,24,3,20,0,0
1635083342493,141,1,24,3,21,0,0
1635083342493,139,1,24,3,18,0,0
1635083342493,140,1,24,4,19,0,0
1635083342493,137,1,24,9,14,0,2
1635083342493,138,1,24,2,21,0,0
1635083342493,173,1,24,6,16,0,0
1635083342493,172,1,24,2,19,0,0
1635083342493,132,1,27,13,7,2,2
1635083342493,133,1,24,14,4,0,1
1635083342493,134,1,21,11,2,0,1
1635083342493,136,1,24,11,11,0,2
1635083342493,135,1,27,11,9,0,2
1635083342493,174,1,24,12,10,0,2
1635083342493,175,1,24,14,5,0,1
1635083342493,176,1,24,9,13,0,2
1635083342493,177,1,24,10,9,0,2
1635083342493,178,1,24,3,19,0,0
1635083342493,179,1,24,16,5,0,1
1635083342493,180,1,24,7,14,0,2
1635083342493,181,1,24,10,13,0,2
1635083342493,182,1,27,15,6,0,1
1635083342493,183,1,21,16,1,0,1
1635083342493,184,1,24,8,15,0,2
1635083342493,185,1,24,15,7,0,2
1635083342493,186,1,24,12,11,0,2
1635083342493,187,1,24,11,11,0,2
1635083342493,188,1,24,12,11,0,2
1635083342493,189,1,27,4,21,0,0
1635083342493,190,1,24,7,14,0,2
1635083342493,191,1,24,4,16,0,0
1635083342493,192,1,24,6,15,0,0
1635083342493,193,1,24,6,16,0,0
1635083342493,194,1,24,2,19,0,0
1635083342493,195,1,24,3,20,0,0
1635083342493,196,1,27,0,23,0,0
1635083342493,197,1,24,3,19,0,0
1635083342493,198,1,24,3,21,0,0
1635083342493,199,1,18,3,14,0,0
1635083342493,200,1,27,3,22,0,0
1635083342493,201,1,27,1,22,0,0
1635083342493,202,1,24,7,14,0,2
1635083342493,203,1,24,0,20,0,0
1635083342493,204,1,24,8,11,0,2
1635083342493,205,1,24,4,19,0,0
1635083342493,206,1,24,1,21,0,0
1635083342493,207,1,27,2,24,0,0
1635083342493,208,1,24,2,19,0,0
1635083342493,209,1,24,3,19,0,0
1635083342493,210,1,24,9,12,0,2
1635083342493,211,1,24,2,19,0,0
1635083342493,212,1,24,2,18,0,0
1635083342493,213,1,24,2,18,0,0
1635083342493,214,1,24,10,10,0,2
1635083342493,215,1,18,2,15,0,0
1635083342493,216,1,24,7,17,0,0
1635083342493,217,1,24,6,18,0,0
1635083342493,218,1,27,5,17,0,0
1635083342493,219,1,24,11,9,0,2
1635083342493,220,1,24,19,2,0,1
1635083342493,221,1,24,21,0,0,1
1635083342493,222,1,24,2,20,0,0
1635083342493,223,1,24,0,22,0,0
1635083342493,224,1,24,19,0,0,1
1635083342493,225,1,24,8,13,0,2
1635083342493,226,1,24,3,18,0,0
1635083342493,227,1,24,15,4,0,1
1635083342493,228,1,24,6,17,0,0
1635083342493,229,1,24,21,2,0,1
1635083342493,230,1,24,18,3,0,1
1635083342493,231,1,24,17,4,0,1
1635083342493,232,1,24,4,18,0,0
1635083342493,233,1,24,6,15,0,0
1635083342493,234,1,24,12,12,0,2
1635083342493,236,1,24,14,10,0,2
1635083342493,235,1,24,6,16,0,0
1635083342493,237,1,24,1,18,0,0
1635083342493,238,1,24,7,11,0,2
1635083342493,239,1,24,3,18,1,0
1635083342493,240,1,24,2,21,0,0
1635083342493,241,1,24,0,24,0,0
1635083342493,242,1,24,3,20,0,0
1635083342493,243,1,24,16,7,0,2
1635083342493,244,1,24,13,7,0,2
1635083342493,245,1,24,2,20,0,0
1635083342493,246,1,24,1,21,1,0
1635083342493,247,1,24,1,20,0,0
1635083342493,248,1,24,5,16,0,0
1635083342493,249,1,24,11,10,0,2
1635083342493,250,1,24,4,19,0,0
1635083342493,251,1,24,4,19,1,0
1635083342493,252,1,24,1,23,0,0
1635083342493,253,1,24,7,10,0,2
1635083342493,254,1,24,3,19,0,0
1635083342493,270,1,24,4,17,0,0
1635083342493,256,1,24,5,19,0,0
1635083342493,257,1,24,7,17,0,0
1635083342493,258,1,24,2,20,0,0
1635083342493,259,1,24,3,18,0,0
1635083342493,260,1,24,3,20,0,0
1635083342493,261,1,21,4,13,0,0
1635083342493,262,1,24,9,14,0,2
1635083342493,263,1,24,6,17,0,0
1635083342493,264,1,24,3,19,0,0
1635083342493,265,1,24,14,8,0,2
1635083342493,266,0,24,1,0,0,3
1635083342493,267,1,24,6,16,0,0
1635083342493,268,1,24,8,15,0,2
1635083342493,269,1,24,6,13,0,2
1635084062928,1,1,30,2,24,0,0
1635084062928,2,1,30,7,20,0,0
1635084062928,3,1,24,2,18,1,0
1635084062928,4,1,18,3,14,0,0
1635084062928,5,1,24,2,21,0,0
1635084062928,6,1,27,1,25,0,0
1635084062928,7,1,24,4,17,0,0
1635084062928,8,1,21,8,12,0,2
1635084062928,9,1,24,4,13,0,0
1635084062928,10,1,24,9,12,1,2
1635084062928,11,1,24,3,16,0,0
1635084062928,12,1,24,3,19,0,0
1635084062928,13,1,24,5,10,1,2
1635084062928,14,1,24,0,19,0,0
1635084062928,15,1,24,6,16,0,0
1635084062928,16,1,21,1,16,0,0
1635084062928,17,1,21,5,11,0,2
1635084062928,18,1,24,1,15,0,0
1635084062928,19,1,24,0,16,0,0
1635084062928,20,1,24,1,20,0,0
1635084062928,21,0,30,0,0,0,3
1635084062928,25,1,24,2,18,0,0
1635084062928,26,0,24,0,0,0,3
1635084062928,27,1,24,2,15,0,0
1635084062928,28,1,24,3,20,0,0
1635084062928,29,1,24,3,21,0,0
1635084062928,30,1,24,8,12,0,2
1635084062928,31,1,24,15,3,0,1
1635084062928,32,1,24,7,14,0,2
1635084062928,33,1,24,17,3,0,1
1635084062928,34,1,27,4,22,0,0
1635084062928,35,1,27,7,14,0,2
1635084062928,36,1,18,16,1,0,1
1635084062928,37,0,21,2,15,0,3
1635084062928,38,1,24,18,5,0,1
1635084062928,39,1,24,12,10,0,2
1635084062928,40,1,24,2,18,0,0
1635084062928,41,1,24,20,2,0,1
1635084062928,42,1,24,19,0,0,1
1635084062928,43,1,27,16,7,0,1
1635084062928,44,1,24,10,8,0,2
1635084062928,45,1,18,15,3,0,1
1635084062928,46,1,24,5,13,0,0
1635084062928,47,1,24,5,18,0,0
1635084062928,48,1,21,12,7,0,2
1635084062928,49,1,21,14,2,0,1
1635084062928,50,1,24,21,0,0,1
1635084062928,51,1,24,3,16,0,0
1635084062928,52,1,24,8,12,1,2
1635084062928,53,1,24,12,11,1,2
1635084062928,54,1,24,7,12,0,2
1635084062928,55,1,27,16,5,0,1
1635084062928,56,1,24,12,9,0,2
1635084062928,57,1,24,14,6,0,1
1635084062928,58,1,21,1,17,0,0
1635084062928,59,1,24,8,10,1,2
1635084062928,60,1,24,10,11,1,2
1635084062928,61,1,24,1,19,0,0
1635084062928,62,1,24,13,9,0,2
1635084062928,63,1,21,3,17,0,0
1635084062928,64,1,24,19,0,0,1
1635084062928,65,1,24,7,16,0,0
1635084062928,66,1,24,5,18,0,0
1635084062928,67,1,24,6,13,0,2
1635084062928,69,1,24,8,16,0,2
1635084062928,71,1,24,14,7,0,2
1635084062928,72,1,21,19,0,0,1
1635084062928,73,1,27,25,2,0,1
1635084062928,74,1,24,6,11,0,2
1635084062928,75,1,24,5,17,0,0
1635084062928,76,1,24,5,16,0,0
1635084062928,77,1,24,9,14,0,2
1635084062928,78,1,24,8,8,1,2
1635084062928,79,1,24,11,9,0,2
1635084062928,80,1,24,20,2,0,1
1635084062928,81,1,22,12,10,0,2
1635084062928,82,1,24,3,18,2,0
1635084062928,83,1,24,15,6,0,1
1635084062928,84,1,24,10,13,0,2
1635084062928,85,1,27,23,3,0,1
1635084062928,86,0,24,0,0,0,3
1635084062928,87,1,24,7,14,0,2
1635084062928,88,1,24,13,10,0,2
1635084062928,89,1,24,7,17,0,0
1635084062928,90,1,27,8,15,0,2
1635084062928,91,1,21,2,14,0,0
1635084062928,92,1,24,6,17,0,0
1635084062928,93,1,24,1,22,0,0
1635084062928,94,1,24,0,23,0,0
1635084062928,95,1,30,4,25,0,0
1635084062928,96,1,24,1,21,0,0
1635084062928,97,1,24,6,16,0,0
1635084062928,98,1,24,2,19,0,0
1635084062928,99,1,21,12,6,0,2
1635084062928,100,1,24,6,17,0,0
1635084062928,101,1,27,7,19,0,0
1635084062928,102,1,27,7,19,0,0
1635084062928,103,1,24,7,14,0,2
1635084062928,104,1,24,2,20,0,0
1635084062928,105,1,24,4,15,0,0
1635084062928,106,1,24,3,14,1,0
1635084062928,107,1,24,10,14,0,2
1635084062928,108,1,24,12,8,0,2
1635084062928,109,1,21,2,17,0,0
1635084062928,110,1,24,7,15,0,0
1635084062928,111,1,18,0,18,0,0
1635084062928,112,1,18,2,16,0,0
1635084062928,113,1,24,4,20,0,0
1635084062928,114,1,27,1,24,0,0
1635084062928,115,1,24,4,17,0,0
1635084062928,116,1,24,1,16,0,0
1635084062928,117,1,24,1,23,0,0
1635084062928,118,1,24,1,19,0,0
1635084062928,119,1,24,0,21,0,0
1635084062928,120,1,24,1,20,0,0
1635084062928,121,1,24,4,20,0,0
1635084062928,122,1,24,7,16,0,0
1635084062928,123,0,24,0,0,0,3
1635084062928,124,0,24,0,0,0,3
1635084062928,125,1,24,0,21,0,0
1635084062928,126,1,24,13,9,1,2
1635084062928,127,1,24,4,19,0,0
1635084062928,128,1,24,19,4,0,1
1635084062928,129,1,24,12,11,0,2
1635084062928,130,1,24,1,23,0,0
1635084062928,131,1,24,1,23,0,0
1635084062928,169,1,24,2,22,0,0
1635084062928,164,1,24,2,21,0,0
1635084062928,163,1,24,2,17,1,0
1635084062928,168,1,24,0,22,0,0
1635084062928,160,1,27,1,19,0,0
1635084062928,161,1,24,0,22,0,0
1635084062928,157,1,20,4,10,0,0
1635084062928,156,1,24,7,17,0,0
1635084062928,149,1,24,3,16,0,0
1635084062928,150,1,24,4,17,0,0
1635084062928,153,1,24,1,20,0,0
1635084062928,158,1,24,0,23,0,0
1635084062928,151,1,24,3,16,0,0
1635084062928,152,1,24,7,12,0,2
1635084062928,154,1,24,4,16,0,0
1635084062928,159,1,24,2,19,0,0
1635084062928,162,1,27,2,24,0,0
1635084062928,165,1,12,2,9,0,0
1635084062928,167,1,24,9,15,0,2
1635084062928,166,1,24,1,23,0,0
1635084062928,170,1,24,0,23,0,0
1635084062928,171,1,24,1,19,0,0
1635084062928,155,1,18,8,5,0,2
1635084062928,148,1,24,5,17,0,0
1635084062928,144,1,24,11,11,0,2
1635084062928,146,1,24,2,18,0,0
1635084062928,147,1,24,3,19,0,0
1635084062928,145,1,24,6,15,0,0
1635084062928,142,1,24,5,18,0,0
1635084062928,143,1,24,3,20,0,0
1635084062928,141,1,24,3,21,0,0
1635084062928,139,1,24,3,18,0,0
1635084062928,140,1,24,6,17,0,0
1635084062928,137,1,24,9,14,0,2
1635084062928,138,1,24,2,21,0,0
1635084062928,173,1,24,7,15,0,2
1635084062928,172,1,24,2,19,0,0
1635084062928,132,1,27,12,6,2,2
1635084062928,133,1,24,14,4,0,1
1635084062928,134,1,21,11,2,0,1
1635084062928,136,1,24,10,12,0,2
1635084062928,135,1,27,11,8,1,2
1635084062928,174,1,24,12,11,0,2
1635084062928,175,1,24,11,8,0,2
1635084062928,176,1,24,12,10,0,2
1635084062928,177,1,24,10,9,0,2
1635084062928,178,1,24,2,20,0,0
1635084062928,179,1,24,14,5,0,1
1635084062928,180,1,24,9,11,0,2
1635084062928,181,1,24,10,13,0,2
1635084062928,182,1,27,14,7,0,2
1635084062928,183,1,21,18,0,0,1
1635084062928,184,1,24,7,16,0,0
1635084062928,185,1,24,12,10,0,2
1635084062928,186,1,24,12,11,0,2
1635084062928,187,1,24,12,10,0,2
1635084062928,188,1,24,12,11,0,2
1635084062928,189,1,27,3,21,0,0
1635084062928,190,1,24,7,14,0,2
1635084062928,191,1,24,4,16,0,0
1635084062928,192,1,24,5,16,0,0
1635084062928,193,1,24,6,16,0,0
1635084062928,194,1,24,2,19,0,0
1635084062928,195,1,24,3,20,0,0
1635084062928,196,1,27,0,23,0,0
1635084062928,197,1,24,5,17,0,0
1635084062928,198,1,24,3,21,0,0
1635084062928,199,1,18,2,15,0,0
1635084062928,200,1,27,2,23,0,0
1635084062928,201,1,27,2,22,0,0
1635084062928,202,1,24,7,14,0,2
1635084062928,203,1,24,0,20,0,0
1635084062928,204,1,24,7,12,0,2
1635084062928,205,1,24,4,19,0,0
1635084062928,206,1,24,1,21,0,0
1635084062928,207,1,27,2,24,0,0
1635084062928,208,1,24,1,20,0,0
1635084062928,209,1,24,3,19,0,0
1635084062928,210,1,24,9,12,0,2
1635084062928,211,1,24,2,19,0,0
1635084062928,212,1,24,2,19,0,0
1635084062928,213,1,24,2,18,0,0
1635084062928,214,1,24,10,10,0,2
1635084062928,215,1,18,2,15,0,0
1635084062928,216,1,24,7,17,0,0
1635084062928,217,1,24,5,19,0,0
1635084062928,218,1,27,5,17,0,0
1635084062928,219,1,24,11,9,0,2
1635084062928,220,1,24,18,2,0,1
1635084062928,221,1,24,21,0,0,1
1635084062928,222,1,24,2,20,0,0
1635084062928,223,1,24,0,22,0,0
1635084062928,224,1,24,19,0,0,1
1635084062928,225,1,24,8,13,0,2
1635084062928,226,1,24,4,17,0,0
1635084062928,227,1,24,17,3,0,1
1635084062928,228,1,24,6,17,0,0
1635084062928,229,1,24,23,0,0,1
1635084062928,230,1,24,17,4,0,1
1635084062928,231,1,24,18,3,0,1
1635084062928,232,1,24,4,18,0,0
1635084062928,233,1,24,6,15,0,0
1635084062928,234,1,24,13,11,0,2
1635084062928,236,1,24,13,11,0,2
1635084062928,235,1,24,6,15,0,0
1635084062928,237,1,24,1,18,0,0
1635084062928,238,1,24,7,11,0,2
1635084062928,239,1,24,4,18,1,0
1635084062928,240,1,24,3,20,0,0
1635084062928,241,1,24,0,24,0,0
1635084062928,242,1,24,3,20,0,0
1635084062928,243,1,24,16,7,0,2
1635084062928,244,1,24,14,6,0,1
1635084062928,245,1,24,1,21,0,0
1635084062928,246,1,24,1,20,1,0
1635084062928,247,1,24,1,20,0,0
1635084062928,248,1,24,5,16,0,0
1635084062928,249,1,24,9,12,0,2
1635084062928,250,1,24,5,19,0,0
1635084062928,251,1,24,5,18,1,0
1635084062928,252,1,24,1,23,0,0
1635084062928,253,1,24,5,12,0,0
1635084062928,254,1,24,3,19,0,0
1635084062928,270,1,24,4,17,0,0
1635084062928,256,1,24,5,19,0,0
1635084062928,257,1,24,7,17,0,0
1635084062928,258,1,24,2,20,0,0
1635084062928,259,1,24,6,17,0,0
1635084062928,260,1,24,3,20,0,0
1635084062928,261,1,21,4,13,0,0
1635084062928,262,1,24,10,13,0,2
1635084062928,263,1,24,6,17,0,0
1635084062928,264,1,24,2,20,0,0
1635084062928,265,1,24,14,8,0,2
1635084062928,266,0,24,1,0,0,3
1635084062928,267,1,24,6,16,0,0
1635084062928,268,1,24,8,15,0,2
1635084062928,269,1,24,6,13,0,2
1635087662704,1,1,30,4,22,0,0
1635087662704,2,1,30,5,22,0,0
1635087662704,3,1,24,2,19,0,0
1635087662704,4,1,18,3,14,0,0
1635087662704,5,1,24,1,22,0,0
1635087662704,6,1,27,2,23,0,0
1635087662704,7,1,24,7,14,0,2
1635087662704,8,1,21,7,13,0,2
1635087662704,9,1,24,2,15,0,0
1635087662704,10,1,24,8,13,0,2
1635087662704,11,1,24,3,16,0,0
1635087662704,12,1,24,2,19,0,0
1635087662704,13,1,24,3,13,0,0
1635087662704,14,1,24,1,18,0,0
1635087662704,15,1,24,6,16,0,0
1635087662704,16,1,21,2,15,0,0
1635087662704,17,1,21,3,12,0,0
1635087662704,18,1,24,2,14,0,0
1635087662704,19,1,24,2,15,0,0
1635087662704,20,1,24,4,16,1,0
1635087662704,21,0,30,0,0,0,3
1635087662704,25,1,24,6,15,0,0
1635087662704,26,0,24,0,0,0,3
1635087662704,27,1,24,5,12,0,0
1635087662704,28,1,24,4,19,0,0
1635087662704,29,1,24,3,21,0,0
1635087662704,30,1,24,6,13,1,2
1635087662704,31,1,24,12,6,0,2
1635087662704,32,1,24,9,11,0,2
1635087662704,33,1,24,13,7,0,2
1635087662704,34,1,27,3,22,0,0
1635087662704,35,1,27,7,14,0,2
1635087662704,36,1,18,16,1,0,1
1635087662704,37,0,21,2,15,0,3
1635087662704,38,1,24,21,1,0,1
1635087662704,39,1,24,12,10,0,2
1635087662704,40,1,24,2,17,0,0
1635087662704,41,1,24,21,1,0,1
1635087662704,42,1,24,9,8,1,2
1635087662704,43,1,27,23,0,0,1
1635087662704,44,1,24,10,8,0,2
1635087662704,45,1,18,15,3,0,1
1635087662704,46,1,24,8,10,0,2
1635087662704,47,1,24,5,18,0,0
1635087662704,48,1,21,8,12,0,2
1635087662704,49,1,21,12,4,0,1
1635087662704,50,1,24,19,2,0,1
1635087662704,51,1,24,4,15,0,0
1635087662704,52,1,24,10,11,1,2
1635087662704,53,1,24,13,11,0,2
1635087662704,54,1,24,8,11,0,2
1635087662704,55,1,27,11,10,0,2
1635087662704,56,1,24,10,11,0,2
1635087662704,57,1,24,15,6,0,1
1635087662704,58,1,21,4,14,1,0
1635087662704,59,1,24,7,11,0,2
1635087662704,60,1,24,8,14,0,2
1635087662704,61,1,24,1,19,0,0
1635087662704,62,1,24,9,12,0,2
1635087662704,63,1,21,0,19,0,0
1635087662704,64,1,24,19,0,0,1
1635087662704,65,1,24,5,18,0,0
1635087662704,66,1,24,5,18,0,0
1635087662704,67,1,24,6,13,0,2
1635087662704,69,1,24,10,14,0,2
1635087662704,71,1,24,15,6,0,1
1635087662704,72,1,21,20,0,0,1
1635087662704,73,1,27,26,1,0,1
1635087662704,74,1,24,8,9,0,2
1635087662704,75,1,24,6,15,0,0
1635087662704,76,1,24,7,14,0,2
1635087662704,77,1,24,9,13,1,2
1635087662704,78,1,24,10,9,0,2
1635087662704,79,1,24,9,11,0,2
1635087662704,80,1,24,20,3,0,1
1635087662704,81,1,22,10,12,0,2
1635087662704,82,1,24,6,17,0,0
1635087662704,83,1,24,12,9,0,2
1635087662704,84,1,24,12,11,0,2
1635087662704,85,1,27,19,7,0,1
1635087662704,86,0,24,0,0,0,3
1635087662704,87,1,24,7,14,0,2
1635087662704,88,1,24,13,10,0,2
1635087662704,89,1,24,8,16,0,2
1635087662704,90,1,27,7,15,0,0
1635087662704,91,1,21,4,12,0,0
1635087662704,92,1,24,6,17,0,0
1635087662704,93,1,24,1,22,0,0
1635087662704,94,1,24,6,18,0,0
1635087662704,95,1,30,17,12,0,2
1635087662704,96,1,24,1,21,0,0
1635087662704,97,1,24,9,13,0,2
1635087662704,98,1,24,3,18,0,0
1635087662704,99,1,21,11,7,0,2
1635087662704,100,1,24,5,18,0,0
1635087662704,101,1,27,6,20,0,0
1635087662704,102,1,27,8,18,0,0
1635087662704,103,1,24,1,20,0,0
1635087662704,104,1,24,2,20,0,0
1635087662704,105,1,24,3,15,0,0
1635087662704,106,1,24,1,16,0,0
1635087662704,107,1,24,9,15,0,2
1635087662704,108,1,24,12,9,0,2
1635087662704,109,1,21,3,16,0,0
1635087662704,110,1,24,5,18,0,0
1635087662704,111,1,18,0,18,0,0
1635087662704,112,1,18,2,16,0,0
1635087662704,113,1,24,1,23,0,0
1635087662704,114,1,27,3,22,0,0
1635087662704,115,1,24,4,17,0,0
1635087662704,116,1,24,2,17,0,0
1635087662704,117,1,24,1,23,0,0
1635087662704,118,1,24,2,18,0,0
1635087662704,119,1,24,0,20,0,0
1635087662704,120,1,24,1,20,0,0
1635087662704,121,1,24,0,24,0,0
1635087662704,122,1,24,5,18,0,0
1635087662704,123,0,24,0,0,0,3
1635087662704,124,0,24,0,0,0,3
1635087662704,125,1,24,1,20,0,0
1635087662704,126,1,24,14,7,1,2
1635087662704,127,1,24,6,18,0,0
1635087662704,128,1,24,20,1,0,1
1635087662704,129,1,24,6,17,0,0
1635087662704,130,1,24,1,23,0,0
1635087662704,131,1,24,0,24,0,0
1635087662704,169,1,24,5,19,0,0
1635087662704,164,1,24,4,19,0,0
1635087662704,163,1,24,4,16,0,0
1635087662704,168,1,24,5,18,0,0
1635087662704,160,1,27,3,17,0,0
1635087662704,161,1,24,2,20,0,0
1635087662704,157,1,20,3,10,0,0
1635087662704,156,1,24,4,20,0,0
1635087662704,149,1,24,10,9,0,2
1635087662704,150,1,24,4,17,0,0
1635087662704,153,1,24,0,21,0,0
1635087662704,158,1,24,0,23,0,0
1635087662704,151,1,24,2,18,0,0
1635087662704,152,1,24,7,12,0,2
1635087662704,154,1,24,4,17,0,0
1635087662704,159,1,24,1,20,0,0
1635087662704,162,1,27,5,21,0,0
1635087662704,165,1,12,3,8,0,0
1635087662704,167,1,24,9,15,0,2
1635087662704,166,1,24,1,23,0,0
1635087662704,170,1,24,2,20,0,0
1635087662704,171,1,24,0,20,0,0
1635087662704,155,1,18,5,8,0,2
1635087662704,148,1,24,3,19,0,0
1635087662704,144,1,24,12,10,0,2
1635087662704,146,1,24,0,20,0,0
1635087662704,147,1,24,3,19,0,0
1635087662704,145,1,24,5,16,0,0
1635087662704,142,1,24,7,16,0,0
1635087662704,143,1,24,4,18,0,0
1635087662704,141,1,24,2,22,0,0
1635087662704,139,1,24,2,19,0,0
1635087662704,140,1,24,6,17,0,0
1635087662704,137,1,24,6,18,0,0
1635087662704,138,1,24,1,22,0,0
1635087662704,173,1,24,6,16,0,0
1635087662704,172,1,24,1,20,0,0
1635087662704,132,1,27,16,6,0,1
1635087662704,133,1,24,13,5,0,1
1635087662704,134,1,21,13,0,0,1
1635087662704,136,1,24,10,12,0,2
1635087662704,135,1,27,11,9,0,2
1635087662704,174,1,24,9,13,1,2
1635087662704,175,1,24,13,4,1,1
1635087662704,176,1,24,10,13,0,2
1635087662704,177,1,24,7,11,1,2
1635087662704,178,1,24,2,19,1,0
1635087662704,179,1,24,13,6,0,2
1635087662704,180,1,24,6,15,0,0
1635087662704,181,1,24,9,14,0,2
1635087662704,182,1,27,12,8,0,2
1635087662704,183,1,21,10,8,0,2
1635087662704,184,1,24,8,14,0,2
1635087662704,185,1,24,17,5,0,1
1635087662704,186,1,24,16,7,0,2
1635087662704,187,1,24,14,9,0,2
1635087662704,188,1,24,14,9,0,2
1635087662704,189,1,27,4,21,0,0
1635087662704,190,1,24,8,14,0,2
1635087662704,191,1,24,6,15,0,0
1635087662704,192,1,24,4,17,0,0
1635087662704,193,1,24,4,19,0,0
1635087662704,194,1,24,3,18,0,0
1635087662704,195,1,24,1,22,0,0
1635087662704,196,1,27,0,23,0,0
1635087662704,197,1,24,5,17,0,0
1635087662704,198,1,24,4,20,0,0
1635087662704,199,1,18,2,14,1,0
1635087662704,200,1,27,4,21,0,0
1635087662704,201,1,27,4,20,0,0
1635087662704,202,1,24,3,18,0,0
1635087662704,203,1,24,0,20,0,0
1635087662704,204,1,24,5,14,0,0
1635087662704,205,1,24,4,19,0,0
1635087662704,206,1,24,1,20,0,0
1635087662704,207,1,27,1,25,0,0
1635087662704,208,1,24,2,19,0,0
1635087662704,209,1,24,4,18,0,0
1635087662704,210,1,24,10,11,0,2
1635087662704,211,1,24,6,15,0,0
1635087662704,212,1,24,4,17,0,0
1635087662704,213,1,24,1,18,0,0
1635087662704,214,1,24,9,11,0,2
1635087662704,215,1,18,1,16,0,0
1635087662704,216,1,24,5,19,0,0
1635087662704,217,1,24,6,18,0,0
1635087662704,218,1,27,2,20,0,0
1635087662704,219,1,24,12,7,1,2
1635087662704,220,1,24,14,6,0,1
1635087662704,221,1,24,21,0,0,1
1635087662704,222,1,24,0,23,0,0
1635087662704,223,1,24,1,21,0,0
1635087662704,224,1,24,12,8,0,2
1635087662704,225,1,24,8,13,0,2
1635087662704,226,1,24,5,16,0,0
1635087662704,227,1,24,17,3,0,1
1635087662704,228,1,24,6,17,0,0
1635087662704,229,1,24,23,0,0,1
1635087662704,230,1,24,19,4,0,1
1635087662704,231,1,24,12,8,0,2
1635087662704,232,1,24,2,20,0,0
1635087662704,233,1,24,7,14,0,2
1635087662704,234,1,24,13,11,0,2
1635087662704,236,1,24,15,9,0,2
1635087662704,235,1,24,7,13,1,2
1635087662704,237,1,24,1,19,0,0
1635087662704,238,1,24,7,10,0,2
1635087662704,239,1,24,3,19,0,0
1635087662704,240,1,24,3,20,0,0
1635087662704,241,1,24,1,23,0,0
1635087662704,242,1,24,3,19,1,0
1635087662704,243,1,24,14,9,0,2
1635087662704,244,1,24,14,6,0,1
1635087662704,245,1,24,1,21,0,0
1635087662704,246,1,24,6,17,0,0
1635087662704,247,1,24,1,19,0,0
1635087662704,248,1,24,6,15,0,0
1635087662704,249,1,24,9,13,0,2
1635087662704,250,1,24,3,20,0,0
1635087662704,251,1,24,7,16,0,0
1635087662704,252,1,24,1,23,0,0
1635087662704,253,1,24,7,10,0,2
1635087662704,254,1,24,3,19,0,0
1635087662704,270,1,24,3,18,0,0
1635087662704,256,1,24,5,18,0,0
1635087662704,257,1,24,6,18,0,0
1635087662704,258,1,24,2,20,0,0
1635087662704,259,1,24,1,20,0,0
1635087662704,260,1,24,3,20,0,0
1635087662704,261,1,21,2,15,0,0
1635087662704,262,1,24,8,14,0,2
1635087662704,263,1,24,5,18,0,0
1635087662704,264,1,24,2,20,0,0
1635087662704,265,1,24,14,9,0,2
1635087662704,266,0,24,1,0,0,3
1635087662704,267,1,24,6,16,0,0
1635087662704,268,1,24,8,15,0,2
1635087662704,269,1,24,4,15,0,0
1635091263457,1,1,30,6,19,1,0
1635091263457,2,1,30,17,11,0,2
1635091263457,3,1,24,3,18,0,0
1635091263457,4,1,18,4,13,0,0
1635091263457,5,1,24,2,21,0,0
1635091263457,6,1,27,0,26,0,0
1635091263457,7,1,24,10,11,0,2
1635091263457,8,1,21,7,13,0,2
1635091263457,9,1,24,4,12,0,0
1635091263457,10,1,24,6,15,0,0
1635091263457,11,1,24,2,17,0,0
1635091263457,12,1,24,9,12,0,2
1635091263457,13,1,24,5,11,0,2
1635091263457,14,1,24,2,17,0,0
1635091263457,15,1,24,7,15,0,2
1635091263457,16,1,21,5,13,0,0
1635091263457,17,1,21,2,14,0,0
1635091263457,18,1,24,3,13,0,0
1635091263457,19,1,24,4,12,0,0
1635091263457,20,1,24,3,18,0,0
1635091263457,21,0,30,0,0,0,3
1635091263457,25,1,24,4,17,0,0
1635091263457,26,0,24,0,0,0,3
1635091263457,27,1,24,5,12,0,0
1635091263457,28,1,24,4,19,0,0
1635091263457,29,1,24,3,21,0,0
1635091263457,30,1,24,8,12,0,2
1635091263457,31,1,24,11,7,0,2
1635091263457,32,1,24,11,10,0,2
1635091263457,33,1,24,18,2,0,1
1635091263457,34,1,27,0,25,0,0
1635091263457,35,1,27,9,18,0,2
1635091263457,36,1,18,15,2,0,1
1635091263457,37,0,21,2,15,0,3
1635091263457,38,1,24,21,1,0,1
1635091263457,39,1,24,12,10,0,2
1635091263457,40,1,24,1,18,0,0
1635091263457,41,1,24,19,3,0,1
1635091263457,42,1,24,9,8,1,2
1635091263457,43,1,27,18,5,0,1
1635091263457,44,1,24,11,5,0,2
1635091263457,45,1,18,11,7,0,2
1635091263457,46,1,24,6,11,0,2
1635091263457,47,1,24,4,19,0,0
1635091263457,48,1,21,3,16,0,0
1635091263457,49,1,21,12,3,0,1
1635091263457,50,1,24,14,7,0,2
1635091263457,51,1,24,3,15,0,0
1635091263457,52,1,24,9,11,1,2
1635091263457,53,1,24,4,19,0,0
1635091263457,54,1,24,8,9,2,2
1635091263457,55,1,27,13,8,0,2
1635091263457,56,1,24,20,1,0,1
1635091263457,57,1,24,9,13,0,2
1635091263457,58,1,21,9,10,0,2
1635091263457,59,1,24,8,10,0,2
1635091263457,60,1,24,3,20,0,0
1635091263457,61,1,24,2,18,0,0
1635091263457,62,1,24,11,11,0,2
1635091263457,63,1,21,2,18,0,0
1635091263457,64,1,24,16,3,0,1
1635091263457,65,1,24,6,17,0,0
1635091263457,66,1,24,6,17,0,0
1635091263457,67,1,24,6,13,0,2
1635091263457,69,1,24,9,15,0,2
1635091263457,71,1,24,13,8,0,2
1635091263457,72,1,21,15,3,0,1
1635091263457,73,1,27,25,0,0,1
1635091263457,74,1,24,9,9,0,2
1635091263457,75,1,24,5,16,1,0
1635091263457,76,1,24,8,14,0,2
1635091263457,77,1,24,5,17,0,0
1635091263457,78,1,24,12,6,0,2
1635091263457,79,1,24,6,12,0,2
1635091263457,80,1,24,18,5,0,1
1635091263457,81,1,22,10,12,1,2
1635091263457,82,1,24,4,18,0,0
1635091263457,83,1,24,5,16,0,0
1635091263457,84,1,24,12,11,0,2
1635091263457,85,1,27,19,8,0,1
1635091263457,86,0,24,0,0,0,3
1635091263457,87,1,24,8,13,0,2
1635091263457,88,1,24,12,11,0,2
1635091263457,89,1,24,10,14,1,2
1635091263457,90,1,27,6,17,0,0
1635091263457,91,1,21,6,9,1,2
1635091263457,92,1,24,6,17,0,0
1635091263457,93,1,24,3,20,0,0
1635091263457,94,1,24,7,17,0,0
1635091263457,95,1,30,12,17,0,2
1635091263457,96,1,24,1,21,0,0
1635091263457,97,1,24,8,14,0,2
1635091263457,98,1,24,4,17,0,0
1635091263457,99,1,21,6,12,0,2
1635091263457,100,1,24,4,19,0,0
1635091263457,101,1,27,7,19,0,0
1635091263457,102,1,27,6,20,0,0
1635091263457,103,1,24,2,19,0,0
1635091263457,104,1,24,2,20,0,0
1635091263457,105,1,24,2,17,0,0
1635091263457,106,1,24,3,14,0,0
1635091263457,107,1,24,8,16,0,2
1635091263457,108,1,24,8,13,0,2
1635091263457,109,1,21,2,17,0,0
1635091263457,110,1,24,2,21,0,0
1635091263457,111,1,18,0,18,0,0
1635091263457,112,1,18,2,16,0,0
1635091263457,113,1,24,3,21,0,0
1635091263457,114,1,27,5,19,0,0
1635091263457,115,1,24,5,16,0,0
1635091263457,116,1,24,1,17,0,0
1635091263457,117,1,24,1,23,0,0
1635091263457,118,1,24,2,18,0,0
1635091263457,119,1,24,0,20,0,0
1635091263457,120,1,24,5,17,0,0
1635091263457,121,1,24,0,24,0,0
1635091263457,122,1,24,9,13,0,2
1635091263457,123,0,24,0,0,0,3
1635091263457,124,0,24,0,0,0,3
1635091263457,125,1,24,0,21,0,0
1635091263457,126,1,24,17,5,0,1
1635091263457,127,1,24,8,15,1,2
1635091263457,128,1,24,15,6,1,1
1635091263457,129,1,24,6,16,0,0
1635091263457,130,1,24,2,22,0,0
1635091263457,131,1,24,0,24,0,0
1635091263457,169,1,24,2,21,0,0
1635091263457,164,1,24,1,22,0,0
1635091263457,163,1,24,2,18,0,0
1635091263457,168,1,24,6,16,0,0
1635091263457,160,1,27,6,14,0,0
1635091263457,161,1,24,0,22,0,0
1635091263457,157,1,20,2,12,0,0
1635091263457,156,1,24,4,20,0,0
1635091263457,149,1,24,14,8,0,2
1635091263457,150,1,24,4,17,0,0
1635091263457,153,1,24,1,20,0,0
1635091263457,158,1,24,0,23,0,0
1635091263457,151,1,24,2,18,0,0
1635091263457,152,1,24,8,12,0,2
1635091263457,154,1,24,4,18,0,0
1635091263457,159,1,24,1,20,0,0
1635091263457,162,1,27,4,22,0,0
1635091263457,165,1,12,2,9,0,0
1635091263457,167,1,24,8,16,0,2
1635091263457,166,1,24,0,24,0,0
1635091263457,170,1,24,3,20,0,0
1635091263457,171,1,24,2,18,0,0
1635091263457,155,1,18,3,10,0,0
1635091263457,148,1,24,4,18,0,0
1635091263457,144,1,24,12,11,0,2
1635091263457,146,1,24,2,18,0,0
1635091263457,147,1,24,3,19,0,0
1635091263457,145,1,24,8,13,0,2
1635091263457,142,1,24,6,16,0,0
1635091263457,143,1,24,4,18,0,0
1635091263457,141,1,24,1,23,0,0
1635091263457,139,1,24,4,17,0,0
1635091263457,140,1,24,4,19,0,0
1635091263457,137,1,24,4,20,0,0
1635091263457,138,1,24,1,22,0,0
1635091263457,173,1,24,5,17,0,0
1635091263457,172,1,24,1,20,0,0
1635091263457,132,1,27,16,5,0,1
1635091263457,133,1,24,17,2,0,1
1635091263457,134,1,21,11,2,0,1
1635091263457,136,1,24,11,10,0,2
1635091263457,135,1,27,13,8,0,2
1635091263457,174,1,24,7,16,0,0
1635091263457,175,1,24,11,8,0,2
1635091263457,176,1,24,8,14,0,2
1635091263457,177,1,24,7,12,0,2
1635091263457,178,1,24,6,16,0,0
1635091263457,179,1,24,13,6,0,2
1635091263457,180,1,24,6,14,1,0
1635091263457,181,1,24,10,13,0,2
1635091263457,182,1,27,9,9,0,2
1635091263457,183,1,21,13,5,0,1
1635091263457,184,1,24,11,11,0,2
1635091263457,185,1,24,14,8,0,2
1635091263457,186,1,24,18,5,0,1
1635091263457,187,1,24,15,8,0,2
1635091263457,188,1,24,13,10,0,2
1635091263457,189,1,27,7,18,0,0
1635091263457,190,1,24,9,13,0,2
1635091263457,191,1,24,6,15,0,0
1635091263457,192,1,24,6,15,0,0
1635091263457,193,1,24,4,19,0,0
1635091263457,194,1,24,2,19,0,0
1635091263457,195,1,24,1,22,0,0
1635091263457,196,1,27,0,23,0,0
1635091263457,197,1,24,5,17,0,0
1635091263457,198,1,24,3,21,0,0
1635091263457,199,1,18,3,14,0,0
1635091263457,200,1,27,4,21,0,0
1635091263457,201,1,27,4,20,0,0
1635091263457,202,1,24,2,18,0,0
1635091263457,203,1,24,0,19,0,0
1635091263457,204,1,24,2,17,0,0
1635091263457,205,1,24,3,19,0,0
1635091263457,206,1,24,1,21,0,0
1635091263457,207,1,27,2,24,0,0
1635091263457,208,1,24,7,14,0,2
1635091263457,209,1,24,2,20,0,0
1635091263457,210,1,24,8,13,0,2
1635091263457,211,1,24,4,16,0,0
1635091263457,212,1,24,7,17,0,0
1635091263457,213,1,24,2,16,0,0
1635091263457,214,1,24,7,13,0,2
1635091263457,215,1,18,1,16,0,0
1635091263457,216,1,24,3,21,0,0
1635091263457,217,1,24,4,20,0,0
1635091263457,218,1,27,5,17,0,0
1635091263457,219,1,24,10,10,0,2
1635091263457,220,1,24,9,10,0,2
1635091263457,221,1,24,21,0,0,1
1635091263457,222,1,24,0,23,0,0
1635091263457,223,1,24,3,19,0,0
1635091263457,224,1,24,10,8,1,2
1635091263457,225,1,24,8,13,0,2
1635091263457,226,1,24,10,11,0,2
1635091263457,227,1,24,13,7,0,2
1635091263457,228,1,24,6,17,0,0
1635091263457,229,1,24,21,2,0,1
1635091263457,230,1,24,21,2,0,1
1635091263457,231,1,24,10,9,0,2
1635091263457,232,1,24,3,19,0,0
1635091263457,233,1,24,7,14,0,2
1635091263457,234,1,24,13,11,0,2
1635091263457,236,1,24,14,10,0,2
1635091263457,235,1,24,9,12,0,2
1635091263457,237,1,24,1,19,0,0
1635091263457,238,1,24,6,12,0,2
1635091263457,239,1,24,3,19,0,0
1635091263457,240,1,24,4,19,0,0
1635091263457,241,1,24,2,22,0,0
1635091263457,242,1,24,6,17,0,0
1635091263457,243,1,24,15,8,0,2
1635091263457,244,1,24,13,8,0,2
1635091263457,245,1,24,2,19,1,0
1635091263457,246,1,24,6,16,1,0
1635091263457,247,1,24,1,19,0,0
1635091263457,248,1,24,9,12,0,2
1635091263457,249,1,24,9,12,1,2
1635091263457,250,1,24,3,20,0,0
1635091263457,251,1,24,3,19,0,0
1635091263457,252,1,24,1,23,0,0
1635091263457,253,1,24,1,15,0,0
1635091263457,254,1,24,2,20,0,0
1635091263457,270,1,24,3,18,0,0
1635091263457,256,1,24,6,18,0,0
1635091263457,257,1,24,6,18,0,0
1635091263457,258,1,24,2,20,0,0
1635091263457,259,1,24,1,21,0,0
1635091263457,260,1,24,2,20,1,0
1635091263457,261,1,21,3,14,0,0
1635091263457,262,1,24,8,15,0,2
1635091263457,263,1,24,5,18,0,0
1635091263457,264,1,24,3,20,0,0
1635091263457,265,1,24,12,10,0,2
1635091263457,266,0,24,1,0,0,3
1635091263457,267,1,24,6,16,0,0
1635091263457,268,1,24,8,15,0,2
1635091263457,269,1,24,5,14,0,0
1635095043585,1,1,30,10,16,0,2
1635095043585,2,1,30,21,7,0,1
1635095043585,3,1,24,5,16,0,0
1635095043585,4,1,18,3,14,0,0
1635095043585,5,1,24,3,20,0,0
1635095043585,6,1,27,0,26,0,0
1635095043585,7,1,24,12,9,0,2
1635095043585,8,1,21,7,13,0,2
1635095043585,9,1,24,4,11,0,0
1635095043585,10,1,24,6,15,0,0
1635095043585,11,1,24,2,17,0,0
1635095043585,12,1,24,3,17,0,0
1635095043585,13,1,24,5,11,0,2
1635095043585,14,1,24,4,15,0,0
1635095043585,15,1,24,7,15,1,2
1635095043585,16,1,21,3,15,0,0
1635095043585,17,1,21,2,13,0,0
1635095043585,18,1,24,2,14,0,0
1635095043585,19,1,24,8,8,0,2
1635095043585,20,1,24,2,19,0,0
1635095043585,21,0,30,0,0,0,3
1635095043585,25,1,24,5,16,0,0
1635095043585,26,0,24,0,0,0,3
1635095043585,27,1,24,2,13,0,0
1635095043585,28,1,24,4,19,0,0
1635095043585,29,1,24,5,19,0,0
1635095043585,30,1,24,9,11,0,2
1635095043585,31,1,24,3,15,0,0
1635095043585,32,1,24,10,11,0,2
1635095043585,33,1,24,12,8,0,2
1635095043585,34,1,27,0,25,0,0
1635095043585,35,1,27,10,17,0,2
1635095043585,36,1,18,14,3,0,1
1635095043585,37,0,21,2,15,0,3
1635095043585,38,1,24,18,2,0,1
1635095043585,39,1,24,16,6,0,1
1635095043585,40,1,24,2,17,0,0
1635095043585,41,1,24,11,11,0,2
1635095043585,42,1,24,13,5,0,1
1635095043585,43,1,27,20,2,0,1
1635095043585,44,1,24,9,8,0,2
1635095043585,45,1,18,10,8,0,2
1635095043585,46,1,24,10,8,0,2
1635095043585,47,1,24,5,18,0,0
1635095043585,48,1,21,6,13,0,2
1635095043585,49,1,21,3,13,0,0
1635095043585,50,1,24,16,5,0,1
1635095043585,51,1,24,6,13,0,2
1635095043585,52,1,24,12,8,1,2
1635095043585,53,1,24,11,12,0,2
1635095043585,54,1,24,5,14,0,0
1635095043585,55,1,27,12,9,0,2
1635095043585,56,1,24,21,1,0,1
1635095043585,57,1,24,8,14,0,2
1635095043585,58,1,21,2,17,0,0
1635095043585,59,1,24,10,8,0,2
1635095043585,60,1,24,4,19,0,0
1635095043585,61,1,24,3,16,1,0
1635095043585,62,1,24,9,12,0,2
1635095043585,63,1,21,0,19,0,0
1635095043585,64,1,24,17,1,0,1
1635095043585,65,1,24,4,19,0,0
1635095043585,66,1,24,5,18,0,0
1635095043585,67,1,24,6,13,0,2
1635095043585,69,1,24,9,15,0,2
1635095043585,71,1,24,10,10,0,2
1635095043585,72,1,21,18,2,0,1
1635095043585,73,1,27,19,7,0,1
1635095043585,74,1,24,14,3,0,1
1635095043585,75,1,24,5,17,0,0
1635095043585,76,1,24,7,15,0,2
1635095043585,77,1,24,8,15,0,2
1635095043585,78,1,24,11,8,0,2
1635095043585,79,1,24,6,13,0,2
1635095043585,80,1,24,11,11,0,2
1635095043585,81,1,22,7,15,0,2
1635095043585,82,1,24,5,17,0,0
1635095043585,83,1,24,9,12,0,2
1635095043585,84,1,24,15,8,0,2
1635095043585,85,1,27,20,7,0,1
1635095043585,86,0,24,0,0,0,3
1635095043585,87,1,24,8,12,0,2
1635095043585,88,1,24,10,13,0,2
1635095043585,89,1,24,10,12,0,2
1635095043585,90,1,27,5,18,0,0
1635095043585,91,1,21,4,12,0,0
1635095043585,92,1,24,6,17,0,0
1635095043585,93,1,24,4,19,0,0
1635095043585,94,1,24,5,19,0,0
1635095043585,95,1,30,13,15,0,2
1635095043585,96,1,24,2,20,0,0
1635095043585,97,1,24,5,17,0,0
1635095043585,98,1,24,3,18,0,0
1635095043585,99,1,21,7,11,0,2
1635095043585,100,1,24,3,20,0,0
1635095043585,101,1,27,7,19,0,0
1635095043585,102,1,27,4,22,0,0
1635095043585,103,1,24,8,14,0,2
1635095043585,104,1,24,3,18,0,0
1635095043585,105,1,24,2,17,0,0
1635095043585,106,1,24,7,12,0,2
1635095043585,107,1,24,10,14,0,2
1635095043585,108,1,24,8,13,0,2
1635095043585,109,1,21,2,17,0,0
1635095043585,110,1,24,2,21,0,0
1635095043585,111,1,18,0,18,0,0
1635095043585,112,1,18,5,13,0,0
1635095043585,113,1,24,2,22,0,0
1635095043585,114,1,27,2,23,0,0
1635095043585,115,1,24,4,17,0,0
1635095043585,116,1,24,1,18,0,0
1635095043585,117,1,24,0,24,0,0
1635095043585,118,1,24,2,18,0,0
1635095043585,119,1,24,8,13,0,2
1635095043585,120,1,24,0,20,2,0
1635095043585,121,1,24,0,23,1,0
1635095043585,122,1,24,15,8,1,2
1635095043585,123,0,24,0,0,0,3
1635095043585,124,0,24,0,0,0,3
1635095043585,125,1,24,1,20,0,0
1635095043585,126,1,24,15,7,0,2
1635095043585,127,1,24,9,15,0,2
1635095043585,128,1,24,13,7,0,2
1635095043585,129,1,24,6,16,0,0
1635095043585,130,1,24,3,21,0,0
1635095043585,131,1,24,1,23,0,0
1635095043585,169,1,24,7,15,0,2
1635095043585,164,1,24,4,19,0,0
1635095043585,163,1,24,4,14,1,0
1635095043585,168,1,24,7,16,0,0
1635095043585,160,1,27,3,17,0,0
1635095043585,161,1,24,0,22,0,0
1635095043585,157,1,20,3,11,0,0
1635095043585,156,1,24,3,20,1,0
1635095043585,149,1,24,16,6,0,1
1635095043585,150,1,24,4,17,0,0
1635095043585,153,1,24,2,19,0,0
1635095043585,158,1,24,1,21,1,0
1635095043585,151,1,24,3,17,0,0
1635095043585,152,1,24,7,15,0,2
1635095043585,154,1,24,3,19,0,0
1635095043585,159,1,24,1,20,0,0
1635095043585,162,1,27,2,24,0,0
1635095043585,165,1,12,2,9,0,0
1635095043585,167,1,24,9,15,0,2
1635095043585,166,1,24,0,24,0,0
1635095043585,170,1,24,1,21,0,0
1635095043585,171,1,24,1,19,0,0
1635095043585,155,1,18,0,12,0,0
1635095043585,148,1,24,7,16,0,0
1635095043585,144,1,24,11,12,0,2
1635095043585,146,1,24,2,18,0,0
1635095043585,147,1,24,3,19,0,0
1635095043585,145,1,24,7,14,0,2
1635095043585,142,1,24,6,17,0,0
1635095043585,143,1,24,3,19,0,0
1635095043585,141,1,24,1,23,0,0
1635095043585,139,1,24,3,17,0,0
1635095043585,140,1,24,1,22,0,0
1635095043585,137,1,24,4,20,0,0
1635095043585,138,1,24,3,20,0,0
1635095043585,173,1,24,6,16,0,0
1635095043585,172,1,24,0,20,1,0
1635095043585,132,1,27,17,3,0,1
1635095043585,133,1,24,11,8,0,2
1635095043585,134,1,21,10,2,0,1
1635095043585,136,1,24,6,15,0,0
1635095043585,135,1,27,14,7,0,2
1635095043585,174,1,24,10,13,0,2
1635095043585,175,1,24,9,9,0,2
1635095043585,176,1,24,8,15,1,2
1635095043585,177,1,24,6,11,0,2
1635095043585,178,1,24,4,19,0,0
1635095043585,179,1,24,13,6,1,1
1635095043585,180,1,24,13,8,0,2
1635095043585,181,1,24,9,14,0,2
1635095043585,182,1,27,12,5,1,1
1635095043585,183,1,21,12,5,1,1
1635095043585,184,1,24,10,11,0,2
1635095043585,185,1,24,12,10,0,2
1635095043585,186,1,24,20,3,0,1
1635095043585,187,1,24,13,7,2,2
1635095043585,188,1,24,12,11,0,2
1635095043585,189,1,27,8,17,0,2
1635095043585,190,1,24,10,12,0,2
1635095043585,191,1,24,4,17,0,0
1635095043585,192,1,24,7,13,0,2
1635095043585,193,1,24,1,23,0,0
1635095043585,194,1,24,1,20,0,0
1635095043585,195,1,24,4,19,0,0
1635095043585,196,1,27,0,22,0,0
1635095043585,197,1,24,4,17,0,0
1635095043585,198,1,24,2,22,0,0
1635095043585,199,1,18,3,14,0,0
1635095043585,200,1,27,2,22,0,0
1635095043585,201,1,27,7,17,0,0
1635095043585,202,1,24,1,16,1,0
1635095043585,203,1,24,0,19,0,0
1635095043585,204,1,24,3,16,0,0
1635095043585,205,1,24,7,15,0,2
1635095043585,206,1,24,1,21,0,0
1635095043585,207,1,27,2,24,0,0
1635095043585,208,1,24,5,16,0,0
1635095043585,209,1,24,3,19,0,0
1635095043585,210,1,24,4,17,0,0
1635095043585,211,1,24,2,18,0,0
1635095043585,212,1,24,7,17,0,0
1635095043585,213,1,24,1,17,0,0
1635095043585,214,1,24,2,17,1,0
1635095043585,215,1,18,3,14,0,0
1635095043585,216,1,24,2,22,0,0
1635095043585,217,1,24,3,21,0,0
1635095043585,218,1,27,7,15,0,2
1635095043585,219,1,24,11,9,0,2
1635095043585,220,1,24,7,12,0,2
1635095043585,221,1,24,8,13,0,2
1635095043585,222,1,24,2,21,0,0
1635095043585,223,1,24,5,17,0,0
1635095043585,224,1,24,10,12,0,2
1635095043585,225,1,24,7,14,0,2
1635095043585,226,1,24,9,11,0,2
1635095043585,227,1,24,9,10,0,2
1635095043585,228,1,24,3,20,0,0
1635095043585,229,1,24,21,2,0,1
1635095043585,230,1,24,11,10,0,2
1635095043585,231,1,24,9,11,0,2
1635095043585,232,1,24,5,17,1,0
1635095043585,233,1,24,7,14,0,2
1635095043585,234,1,24,12,11,0,2
1635095043585,236,1,24,13,11,0,2
1635095043585,235,1,24,9,11,1,2
1635095043585,237,1,24,1,18,0,0
1635095043585,238,1,24,7,11,0,2
1635095043585,239,1,24,2,20,0,0
1635095043585,240,1,24,4,19,0,0
1635095043585,241,1,24,2,22,0,0
1635095043585,242,1,24,8,15,0,2
1635095043585,243,1,24,22,1,0,1
1635095043585,244,1,24,13,8,0,2
1635095043585,245,1,24,4,18,1,0
1635095043585,246,1,24,7,16,0,0
1635095043585,247,1,24,3,16,0,0
1635095043585,248,1,24,6,15,0,0
1635095043585,249,1,24,11,12,0,2
1635095043585,250,1,24,3,20,0,0
1635095043585,251,1,24,1,22,0,0
1635095043585,252,1,24,1,23,0,0
1635095043585,253,1,24,2,14,0,0
1635095043585,254,1,24,5,17,0,0
1635095043585,270,1,24,4,17,0,0
1635095043585,256,1,24,6,18,0,0
1635095043585,257,1,24,6,18,0,0
1635095043585,258,1,24,2,20,0,0
1635095043585,259,1,24,3,19,0,0
1635095043585,260,1,24,2,21,0,0
1635095043585,261,1,21,3,15,0,0
1635095043585,262,1,24,11,12,0,2
1635095043585,263,1,24,5,18,0,0
1635095043585,264,1,24,6,16,0,0
1635095043585,265,1,24,12,10,0,2
1635095043585,266,0,24,1,0,0,3
1635095043585,267,1,24,6,16,0,0
1635095043585,268,1,24,7,16,0,0
1635095043585,269,1,24,7,12,0,2
1635098463131,1,1,30,15,12,0,2
1635098463131,2,1,30,23,5,0,1
1635098463131,3,1,24,8,13,0,2
1635098463131,4,1,18,2,14,0,0
1635098463131,5,1,24,2,22,0,0
1635098463131,6,1,27,3,23,0,0
1635098463131,7,1,24,12,9,0,2
1635098463131,8,1,21,11,8,0,2
1635098463131,9,1,24,1,14,0,0
1635098463131,10,1,24,8,13,0,2
1635098463131,11,1,24,3,16,0,0
1635098463131,12,1,24,5,15,1,0
1635098463131,13,1,24,2,15,0,0
1635098463131,14,1,24,6,13,0,2
1635098463131,15,1,24,8,13,0,2
1635098463131,16,1,21,4,13,0,0
1635098463131,17,1,21,2,12,1,0
1635098463131,18,1,24,4,13,0,0
1635098463131,19,1,24,13,4,0,1
1635098463131,20,1,24,2,19,0,0
1635098463131,21,0,30,0,0,0,3
1635098463131,25,1,24,5,16,0,0
1635098463131,26,0,24,0,0,0,3
1635098463131,27,1,24,4,11,0,0
1635098463131,28,1,24,4,19,0,0
1635098463131,29,1,24,5,19,0,0
1635098463131,30,1,24,10,10,0,2
1635098463131,31,1,24,6,12,0,2
1635098463131,32,1,24,9,12,0,2
1635098463131,33,1,24,12,8,0,2
1635098463131,34,1,27,3,22,0,0
1635098463131,35,1,27,10,16,0,2
1635098463131,36,1,18,14,2,0,1
1635098463131,37,0,21,2,15,0,3
1635098463131,38,1,24,20,1,0,1
1635098463131,39,1,24,15,7,0,2
1635098463131,40,1,24,6,13,0,2
1635098463131,41,1,24,11,11,0,2
1635098463131,42,1,24,12,6,0,2
1635098463131,43,1,27,20,1,0,1
1635098463131,44,1,24,7,9,1,2
1635098463131,45,1,18,8,10,0,2
1635098463131,46,1,24,18,0,0,1
1635098463131,47,1,24,5,17,1,0
1635098463131,48,1,21,10,9,1,2
1635098463131,49,1,21,4,12,0,0
1635098463131,50,1,24,16,5,0,1
1635098463131,51,1,24,4,15,0,0
1635098463131,52,1,24,12,8,1,2
1635098463131,53,1,24,11,13,0,2
1635098463131,54,1,24,2,16,1,0
1635098463131,55,1,27,11,10,0,2
1635098463131,56,1,24,22,0,0,1
1635098463131,57,1,24,8,13,0,2
1635098463131,58,1,21,1,18,0,0
1635098463131,59,1,24,14,4,0,1
1635098463131,60,1,24,3,20,0,0
1635098463131,61,1,24,2,18,0,0
1635098463131,62,1,24,9,11,0,2
1635098463131,63,1,21,1,19,0,0
1635098463131,64,1,24,12,5,0,1
1635098463131,65,1,24,4,19,0,0
1635098463131,66,1,24,4,19,0,0
1635098463131,67,1,24,5,14,0,0
1635098463131,69,1,24,9,15,0,2
1635098463131,71,1,24,13,8,0,2
1635098463131,72,1,21,14,4,0,1
1635098463131,73,1,27,16,10,0,2
1635098463131,74,1,24,15,3,0,1
1635098463131,75,1,24,9,13,0,2
1635098463131,76,1,24,5,17,0,0
1635098463131,77,1,24,8,15,0,2
1635098463131,78,1,24,6,14,0,0
1635098463131,79,1,24,5,14,0,0
1635098463131,80,1,24,15,8,0,2
1635098463131,81,1,22,8,14,0,2
1635098463131,82,1,24,9,13,0,2
1635098463131,83,1,24,7,14,0,2
1635098463131,84,1,24,11,12,0,2
1635098463131,85,1,27,18,9,0,2
1635098463131,86,0,24,0,0,0,3
1635098463131,87,1,24,9,12,0,2
1635098463131,88,1,24,10,13,0,2
1635098463131,89,1,24,7,15,0,2
1635098463131,90,1,27,3,20,0,0
1635098463131,91,1,21,4,12,0,0
1635098463131,92,1,24,7,16,0,0
1635098463131,93,1,24,3,20,0,0
1635098463131,94,1,24,3,20,0,0
1635098463131,95,1,30,14,14,0,2
1635098463131,96,1,24,2,20,0,0
1635098463131,97,1,24,1,20,0,0
1635098463131,98,1,24,1,20,0,0
1635098463131,99,1,21,5,13,0,0
1635098463131,100,1,24,4,19,0,0
1635098463131,101,1,27,5,21,0,0
1635098463131,102,1,27,2,23,0,0
1635098463131,103,1,24,8,14,0,2
1635098463131,104,1,24,2,20,0,0
1635098463131,105,1,24,6,13,0,2
1635098463131,106,1,24,5,14,0,0
1635098463131,107,1,24,10,14,0,2
1635098463131,108,1,24,5,16,0,0
1635098463131,109,1,21,3,16,0,0
1635098463131,110,1,24,7,14,0,2
1635098463131,111,1,18,0,18,0,0
1635098463131,112,1,18,2,16,0,0
1635098463131,113,1,24,12,12,0,2
1635098463131,114,1,27,2,21,1,0
1635098463131,115,1,24,4,17,0,0
1635098463131,116,1,24,2,17,0,0
1635098463131,117,1,24,0,24,0,0
1635098463131,118,1,24,1,19,0,0
1635098463131,119,1,24,8,13,0,2
1635098463131,120,1,24,4,18,0,0
1635098463131,121,1,24,2,22,0,0
1635098463131,122,1,24,13,10,0,2
1635098463131,123,0,24,0,0,0,3
1635098463131,124,0,24,0,0,0,3
1635098463131,125,1,24,3,18,0,0
1635098463131,126,1,24,14,8,0,2
1635098463131,127,1,24,8,16,0,2
1635098463131,128,1,24,14,7,0,2
1635098463131,129,1,24,11,11,0,2
1635098463131,130,1,24,2,22,0,0
1635098463131,131,1,24,5,19,0,0
1635098463131,169,1,24,5,18,1,0
1635098463131,164,1,24,3,20,0,0
1635098463131,163,1,24,6,14,0,0
1635098463131,168,1,24,9,15,0,2
1635098463131,160,1,27,1,19,0,0
1635098463131,161,1,24,3,19,0,0
1635098463131,157,1,20,1,12,1,0
1635098463131,156,1,24,5,18,0,0
1635098463131,149,1,24,9,12,0,2
1635098463131,150,1,24,4,18,0,0
1635098463131,153,1,24,4,18,0,0
1635098463131,158,1,24,2,21,0,0
1635098463131,151,1,24,3,17,0,0
1635098463131,152,1,24,7,15,0,2
1635098463131,154,1,24,2,20,0,0
1635098463131,159,1,24,4,17,0,0
1635098463131,162,1,27,4,22,0,0
1635098463131,165,1,12,3,8,0,0
1635098463131,167,1,24,9,15,0,2
1635098463131,166,1,24,0,24,0,0
1635098463131,170,1,24,2,21,0,0
1635098463131,171,1,24,1,19,0,0
1635098463131,155,1,18,3,14,0,0
1635098463131,148,1,24,6,17,0,0
1635098463131,144,1,24,11,12,0,2
1635098463131,146,1,24,1,19,0,0
1635098463131,147,1,24,2,20,0,0
1635098463131,145,1,24,6,15,0,0
1635098463131,142,1,24,1,20,0,0
1635098463131,143,1,24,2,20,0,0
1635098463131,141,1,24,2,22,0,0
1635098463131,139,1,24,2,18,1,0
1635098463131,140,1,24,0,23,0,0
1635098463131,137,1,24,4,20,0,0
1635098463131,138,1,24,1,21,0,0
1635098463131,173,1,24,6,16,0,0
1635098463131,172,1,24,5,15,0,0
1635098463131,132,1,27,7,13,0,2
1635098463131,133,1,24,10,9,0,2
1635098463131,134,1,21,11,2,0,1
1635098463131,136,1,24,5,16,0,0
1635098463131,135,1,27,12,7,0,2
1635098463131,174,1,24,10,13,0,2
1635098463131,175,1,24,9,8,0,2
1635098463131,176,1,24,10,13,0,2
1635098463131,177,1,24,6,13,0,2
1635098463131,178,1,24,7,16,0,0
1635098463131,179,1,24,13,8,0,2
1635098463131,180,1,24,15,6,0,1
1635098463131,181,1,24,7,15,0,2
1635098463131,182,1,27,17,1,0,1
1635098463131,183,1,21,15,3,0,1
1635098463131,184,1,24,8,13,0,2
1635098463131,185,1,24,17,5,0,1
1635098463131,186,1,24,18,5,0,1
1635098463131,187,1,24,14,10,0,2
1635098463131,188,1,24,12,11,0,2
1635098463131,189,1,27,12,14,0,2
1635098463131,190,1,24,11,11,0,2
1635098463131,191,1,24,4,17,0,0
1635098463131,192,1,24,7,14,0,2
1635098463131,193,1,24,2,22,0,0
1635098463131,194,1,24,0,21,0,0
1635098463131,195,1,24,8,15,0,2
1635098463131,196,1,27,0,23,0,0
1635098463131,197,1,24,3,19,0,0
1635098463131,198,1,24,1,22,1,0
1635098463131,199,1,18,7,10,0,2
1635098463131,200,1,27,3,20,0,0
1635098463131,201,1,27,4,20,0,0
1635098463131,202,1,24,5,14,0,0
1635098463131,203,1,24,5,17,1,0
1635098463131,204,1,24,4,14,0,0
1635098463131,205,1,24,6,16,0,0
1635098463131,206,1,24,3,19,0,0
1635098463131,207,1,27,2,24,0,0
1635098463131,208,1,24,9,12,0,2
1635098463131,209,1,24,2,20,0,0
1635098463131,210,1,24,3,18,0,0
1635098463131,211,1,24,0,20,0,0
1635098463131,212,1,24,3,21,0,0
1635098463131,213,1,24,1,18,0,0
1635098463131,214,1,24,3,16,0,0
1635098463131,215,1,18,4,14,0,0
1635098463131,216,1,24,3,21,0,0
1635098463131,217,1,24,1,22,0,0
1635098463131,218,1,27,7,16,0,0
1635098463131,219,1,24,10,11,0,2
1635098463131,220,1,24,6,13,0,2
1635098463131,221,1,24,11,10,0,2
1635098463131,222,1,24,2,21,0,0
1635098463131,223,1,24,5,17,0,0
1635098463131,224,1,24,10,10,1,2
1635098463131,225,1,24,7,14,0,2
1635098463131,226,1,24,7,14,0,2
1635098463131,227,1,24,10,10,0,2
1635098463131,228,1,24,1,22,0,0
1635098463131,229,1,24,21,2,0,1
1635098463131,230,1,24,13,9,1,2
1635098463131,231,1,24,10,8,0,2
1635098463131,232,1,24,6,16,0,0
1635098463131,233,1,24,6,15,0,0
1635098463131,234,1,24,13,10,0,2
1635098463131,236,1,24,16,8,0,2
1635098463131,235,1,24,12,9,0,2
1635098463131,237,1,24,1,18,0,0
1635098463131,238,1,24,7,11,0,2
1635098463131,239,1,24,1,21,0,0
1635098463131,240,1,24,5,18,0,0
1635098463131,241,1,24,4,19,0,0
1635098463131,242,1,24,6,17,0,0
1635098463131,243,1,24,18,4,0,1
1635098463131,244,1,24,9,12,0,2
1635098463131,245,1,24,6,17,0,0
1635098463131,246,1,24,6,16,0,0
1635098463131,247,1,24,4,15,0,0
1635098463131,248,1,24,5,16,0,0
1635098463131,249,1,24,11,12,0,2
1635098463131,250,1,24,4,19,0,0
1635098463131,251,1,24,4,19,0,0
1635098463131,252,1,24,2,21,0,0
1635098463131,253,1,24,4,10,0,0
1635098463131,254,1,24,5,17,0,0
1635098463131,270,1,24,3,17,0,0
1635098463131,256,1,24,5,19,0,0
1635098463131,257,1,24,6,18,0,0
1635098463131,258,1,24,2,20,0,0
1635098463131,259,1,24,2,20,0,0
1635098463131,260,1,24,3,20,0,0
1635098463131,261,1,21,3,15,0,0
1635098463131,262,1,24,8,15,0,2
1635098463131,263,1,24,5,18,0,0
1635098463131,264,1,24,6,17,0,0
1635098463131,265,1,24,11,12,0,2
1635098463131,266,0,24,1,0,0,3
1635098463131,267,1,24,6,16,0,0
1635098463131,268,1,24,6,17,0,0
1635098463131,269,1,24,6,13,0,2
1635102062715,1,1,30,13,14,0,2
1635102062715,2,1,30,23,5,0,1
1635102062715,3,1,24,4,17,0,0
1635102062715,4,1,18,3,13,0,0
1635102062715,5,1,24,0,23,0,0
1635102062715,6,1,27,4,22,0,0
1635102062715,7,1,24,10,11,0,2
1635102062715,8,1,21,10,9,0,2
1635102062715,9,1,24,7,16,0,0
1635102062715,10,1,24,8,13,0,2
1635102062715,11,1,24,2,17,0,0
1635102062715,12,1,24,3,18,0,0
1635102062715,13,1,24,6,11,0,2
1635102062715,14,1,24,5,14,0,0
1635102062715,15,1,24,7,14,0,2
1635102062715,16,1,21,3,14,0,0
1635102062715,17,1,21,2,12,0,0
1635102062715,18,1,24,3,13,1,0
1635102062715,19,1,24,10,6,0,2
1635102062715,20,1,24,3,18,0,0
1635102062715,21,0,30,0,0,0,3
1635102062715,25,1,24,6,15,0,0
1635102062715,26,0,24,0,0,0,3
1635102062715,27,1,24,2,13,0,0
1635102062715,28,1,24,4,19,0,0
1635102062715,29,1,24,5,19,0,0
1635102062715,30,1,24,11,8,0,2
1635102062715,31,1,24,6,12,0,2
1635102062715,32,1,24,9,12,0,2
1635102062715,33,1,24,7,13,0,2
1635102062715,34,1,27,1,24,0,0
1635102062715,35,1,27,11,15,0,2
1635102062715,36,1,18,14,3,0,1
1635102062715,37,0,21,2,15,0,3
1635102062715,38,1,24,15,6,0,1
1635102062715,39,1,24,16,6,0,1
1635102062715,40,1,24,6,13,0,2
1635102062715,41,1,24,14,7,1,2
1635102062715,42,1,24,14,4,0,1
1635102062715,43,1,27,17,5,0,1
1635102062715,44,1,24,7,11,0,2
1635102062715,45,1,18,11,7,0,2
1635102062715,46,1,24,15,3,0,1
1635102062715,47,1,24,4,12,0,0
1635102062715,48,1,21,14,6,0,1
1635102062715,49,1,21,3,13,0,0
1635102062715,50,1,24,17,4,0,1
1635102062715,51,1,24,8,11,0,2
1635102062715,52,1,24,10,11,0,2
1635102062715,53,1,24,12,12,0,2
1635102062715,54,1,24,2,17,0,0
1635102062715,55,1,27,13,8,0,2
1635102062715,56,1,24,20,2,0,1
1635102062715,57,1,24,10,10,0,2
1635102062715,58,1,21,5,14,0,0
1635102062715,59,1,24,13,5,0,1
1635102062715,60,1,24,4,19,0,0
1635102062715,61,1,24,2,18,0,0
1635102062715,62,1,24,7,14,0,2
1635102062715,63,1,21,4,15,0,0
1635102062715,64,1,24,7,11,0,2
1635102062715,65,1,24,3,20,0,0
1635102062715,66,1,24,6,17,0,0
1635102062715,67,1,24,6,14,0,0
1635102062715,69,1,24,10,13,0,2
1635102062715,71,1,24,11,10,0,2
1635102062715,72,1,21,13,5,0,1
1635102062715,73,1,27,14,12,0,2
1635102062715,74,1,24,14,4,0,1
1635102062715,75,1,24,10,12,0,2
1635102062715,76,1,24,4,18,0,0
1635102062715,77,1,24,9,14,0,2
1635102062715,78,1,24,6,15,0,0
1635102062715,79,1,24,6,14,0,0
1635102062715,80,1,24,16,7,0,2
1635102062715,81,1,22,12,10,0,2
1635102062715,82,1,24,10,12,0,2
1635102062715,83,1,24,11,10,0,2
1635102062715,84,1,24,5,18,0,0
1635102062715,85,1,27,16,11,0,2
1635102062715,86,0,24,0,0,0,3
1635102062715,87,1,24,7,14,0,2
1635102062715,88,1,24,10,13,0,2
1635102062715,89,1,24,6,16,0,0
1635102062715,90,1,27,3,20,0,0
1635102062715,91,1,21,6,10,0,2
1635102062715,92,1,24,6,17,0,0
1635102062715,93,1,24,3,20,0,0
1635102062715,94,1,24,2,21,0,0
1635102062715,95,1,30,14,14,0,2
1635102062715,96,1,24,3,19,0,0
1635102062715,97,1,24,1,21,0,0
1635102062715,98,1,24,1,20,0,0
1635102062715,99,1,21,4,14,0,0
1635102062715,100,1,24,3,20,0,0
1635102062715,101,1,27,3,23,0,0
1635102062715,102,1,27,3,22,0,0
1635102062715,103,1,24,5,16,0,0
1635102062715,104,1,24,2,20,0,0
1635102062715,105,1,24,5,14,0,0
1635102062715,106,1,24,4,15,1,0
1635102062715,107,1,24,6,17,0,0
1635102062715,108,1,24,4,17,0,0
1635102062715,109,1,21,3,16,0,0
1635102062715,110,1,24,5,16,0,0
1635102062715,111,1,18,0,18,0,0
1635102062715,112,1,18,2,16,0,0
1635102062715,113,1,24,10,14,0,2
1635102062715,114,1,27,3,22,0,0
1635102062715,115,1,24,5,17,0,0
1635102062715,116,1,24,1,18,0,0
1635102062715,117,1,24,1,23,0,0
1635102062715,118,1,24,1,19,0,0
1635102062715,119,1,24,7,14,0,2
1635102062715,120,1,24,4,18,0,0
1635102062715,121,1,24,2,22,0,0
1635102062715,122,1,24,3,15,2,0
1635102062715,123,0,24,0,0,0,3
1635102062715,124,0,24,0,0,0,3
1635102062715,125,1,24,3,18,0,0
1635102062715,126,1,24,17,5,0,1
1635102062715,127,1,24,8,16,0,2
1635102062715,128,1,24,14,7,0,2
1635102062715,129,1,24,15,7,1,2
1635102062715,130,1,24,3,21,0,0
1635102062715,131,1,24,4,20,0,0
1635102062715,169,1,24,7,17,0,0
1635102062715,164,1,24,5,17,0,0
1635102062715,163,1,24,5,15,0,0
1635102062715,168,1,24,6,17,1,0
1635102062715,160,1,27,1,19,0,0
1635102062715,161,1,24,3,19,0,0
1635102062715,157,1,20,2,12,0,0
1635102062715,156,1,24,2,21,0,0
1635102062715,149,1,24,6,16,0,0
1635102062715,150,1,24,3,18,0,0
1635102062715,153,1,24,2,20,0,0
1635102062715,158,1,24,3,20,0,0
1635102062715,151,1,24,3,16,0,0
1635102062715,152,1,24,7,15,0,2
1635102062715,154,1,24,3,19,0,0
1635102062715,159,1,24,1,20,0,0
1635102062715,162,1,27,6,20,0,0
1635102062715,165,1,12,4,7,0,2
1635102062715,167,1,24,9,15,0,2
1635102062715,166,1,24,0,24,0,0
1635102062715,170,1,24,8,15,0,2
1635102062715,171,1,24,1,19,0,0
1635102062715,155,1,18,2,15,0,0
1635102062715,148,1,24,5,18,0,0
1635102062715,144,1,24,8,15,0,2
1635102062715,146,1,24,2,18,0,0
1635102062715,147,1,24,2,20,0,0
1635102062715,145,1,24,4,16,0,0
1635102062715,142,1,24,1,20,0,0
1635102062715,143,1,24,2,20,0,0
1635102062715,141,1,24,3,21,0,0
1635102062715,139,1,24,7,14,0,2
1635102062715,140,1,24,0,23,0,0
1635102062715,137,1,24,4,20,0,0
1635102062715,138,1,24,2,20,0,0
1635102062715,173,1,24,9,15,0,2
1635102062715,172,1,24,7,16,0,0
1635102062715,132,1,27,8,15,0,2
1635102062715,133,1,24,11,8,0,2
1635102062715,134,1,21,7,8,0,2
1635102062715,136,1,24,6,15,0,0
1635102062715,135,1,27,8,10,0,2
1635102062715,174,1,24,8,14,0,2
1635102062715,175,1,24,8,7,1,2
1635102062715,176,1,24,13,10,0,2
1635102062715,177,1,24,6,13,0,2
1635102062715,178,1,24,7,16,0,0
1635102062715,179,1,24,15,6,0,1
1635102062715,180,1,24,13,8,0,2
1635102062715,181,1,24,5,17,0,0
1635102062715,182,1,27,11,8,0,2
1635102062715,183,1,21,15,3,0,1
1635102062715,184,1,24,11,10,0,2
1635102062715,185,1,24,12,10,0,2
1635102062715,186,1,24,17,6,0,1
1635102062715,187,1,24,17,6,0,1
1635102062715,188,1,24,12,11,0,2
1635102062715,189,1,27,12,14,0,2
1635102062715,190,1,24,10,12,0,2
1635102062715,191,1,24,4,17,0,0
1635102062715,192,1,24,12,10,0,2
1635102062715,193,1,24,1,23,0,0
1635102062715,194,1,24,0,21,0,0
1635102062715,195,1,24,6,17,0,0
1635102062715,196,1,27,0,23,0,0
1635102062715,197,1,24,6,16,0,0
1635102062715,198,1,24,2,21,0,0
1635102062715,199,1,18,7,10,0,2
1635102062715,200,1,27,4,19,0,0
1635102062715,201,1,27,6,18,0,0
1635102062715,202,1,24,2,17,0,0
1635102062715,203,1,24,3,19,0,0
1635102062715,204,1,24,4,12,1,0
1635102062715,205,1,24,6,15,0,0
1635102062715,206,1,24,2,19,0,0
1635102062715,207,1,27,4,22,0,0
1635102062715,208,1,24,13,9,0,2
1635102062715,209,1,24,3,19,0,0
1635102062715,210,1,24,4,18,0,0
1635102062715,211,1,24,0,20,0,0
1635102062715,212,1,24,4,20,0,0
1635102062715,213,1,24,1,17,0,0
1635102062715,214,1,24,5,14,0,0
1635102062715,215,1,18,2,15,1,0
1635102062715,216,1,24,2,22,0,0
1635102062715,217,1,24,1,22,0,0
1635102062715,218,1,27,8,15,0,2
1635102062715,219,1,24,10,11,0,2
1635102062715,220,1,24,7,11,1,2
1635102062715,221,1,24,7,14,0,2
1635102062715,222,1,24,2,21,0,0
1635102062715,223,1,24,6,16,0,0
1635102062715,224,1,24,12,8,0,2
1635102062715,225,1,24,7,14,0,2
1635102062715,226,1,24,6,15,0,0
1635102062715,227,1,24,14,5,0,1
1635102062715,228,1,24,3,19,0,0
1635102062715,229,1,24,22,1,0,1
1635102062715,230,1,24,13,10,0,2
1635102062715,231,1,24,10,8,0,2
1635102062715,232,1,24,7,14,1,2
1635102062715,233,1,24,6,15,0,0
1635102062715,234,1,24,13,10,0,2
1635102062715,236,1,24,18,6,0,1
1635102062715,235,1,24,13,8,0,2
1635102062715,237,1,24,2,17,0,0
1635102062715,238,1,24,7,11,0,2
1635102062715,239,1,24,3,19,0,0
1635102062715,240,1,24,8,15,0,2
1635102062715,241,1,24,3,20,0,0
1635102062715,242,1,24,5,18,0,0
1635102062715,243,1,24,20,3,0,1
1635102062715,244,1,24,9,12,0,2
1635102062715,245,1,24,5,17,0,0
1635102062715,246,1,24,8,15,0,2
1635102062715,247,1,24,5,15,0,0
1635102062715,248,1,24,5,16,0,0
1635102062715,249,1,24,11,12,0,2
1635102062715,250,1,24,4,19,0,0
1635102062715,251,1,24,5,18,0,0
1635102062715,252,1,24,2,21,0,0
1635102062715,253,1,24,5,9,1,2
1635102062715,254,1,24,3,19,0,0
1635102062715,270,1,24,3,17,0,0
1635102062715,256,1,24,5,19,0,0
1635102062715,257,1,24,6,18,0,0
1635102062715,258,1,24,2,20,0,0
1635102062715,259,1,24,4,18,0,0
1635102062715,260,1,24,2,21,0,0
1635102062715,261,1,21,3,15,0,0
1635102062715,262,1,24,8,15,0,2
1635102062715,263,1,24,5,18,0,0
1635102062715,264,1,24,8,15,0,2
1635102062715,265,1,24,12,11,0,2
1635102062715,266,0,24,1,0,0,3
1635102062715,267,1,24,8,15,0,2
1635102062715,268,1,24,6,17,0,0
1635102062715,269,1,24,4,15,0,0
1635105663277,1,1,30,9,18,0,2
1635105663277,2,1,30,23,5,0,1
1635105663277,3,1,24,4,17,0,0
1635105663277,4,1,18,3,12,0,0
1635105663277,5,1,24,0,23,0,0
1635105663277,6,1,27,3,23,0,0
1635105663277,7,1,24,8,13,0,2
1635105663277,8,1,21,8,11,0,2
1635105663277,9,1,24,6,17,0,0
1635105663277,10,1,24,8,13,0,2
1635105663277,11,1,24,2,17,0,0
1635105663277,12,1,24,4,17,0,0
1635105663277,13,1,24,4,13,0,0
1635105663277,14,1,24,3,15,0,0
1635105663277,15,1,24,7,14,0,2
1635105663277,16,1,21,2,15,0,0
1635105663277,17,1,21,1,14,0,0
1635105663277,18,1,24,5,12,0,0
1635105663277,19,1,24,11,6,0,2
1635105663277,20,1,24,2,19,0,0
1635105663277,21,0,30,0,0,0,3
1635105663277,25,1,24,5,16,0,0
1635105663277,26,0,24,0,0,0,3
1635105663277,27,1,24,2,13,0,0
1635105663277,28,1,24,4,19,0,0
1635105663277,29,1,24,5,19,0,0
1635105663277,30,1,24,11,8,0,2
1635105663277,31,1,24,7,11,0,2
1635105663277,32,1,24,8,13,0,2
1635105663277,33,1,24,8,12,0,2
1635105663277,34,1,27,2,23,0,0
1635105663277,35,1,27,12,14,0,2
1635105663277,36,1,18,16,1,0,1
1635105663277,37,0,21,2,15,0,3
1635105663277,38,1,24,15,7,0,2
1635105663277,39,1,24,15,7,0,2
1635105663277,40,1,24,6,14,0,0
1635105663277,41,1,24,14,6,0,1
1635105663277,42,1,24,15,3,0,1
1635105663277,43,1,27,17,5,0,1
1635105663277,44,1,24,7,11,0,2
1635105663277,45,1,18,10,7,1,2
1635105663277,46,1,24,17,1,0,1
1635105663277,47,1,24,7,16,0,0
1635105663277,48,1,21,12,7,0,2
1635105663277,49,1,21,8,8,0,2
1635105663277,50,1,24,15,6,0,1
1635105663277,51,1,24,3,15,0,0
1635105663277,52,1,24,6,15,0,0
1635105663277,53,1,24,11,13,0,2
1635105663277,54,1,24,4,15,0,0
1635105663277,55,1,27,13,7,0,2
1635105663277,56,1,24,22,0,0,1
1635105663277,57,1,24,14,7,1,2
1635105663277,58,1,21,3,16,0,0
1635105663277,59,1,24,9,9,0,2
1635105663277,60,1,24,4,19,0,0
1635105663277,61,1,24,0,20,0,0
1635105663277,62,1,24,9,13,0,2
1635105663277,63,1,21,1,17,0,0
1635105663277,64,1,24,5,13,0,0
1635105663277,65,1,24,3,19,0,0
1635105663277,66,1,24,5,18,0,0
1635105663277,67,1,24,9,11,0,2
1635105663277,69,1,24,9,15,0,2
1635105663277,71,1,24,11,10,0,2
1635105663277,72,1,21,12,6,0,2
1635105663277,73,1,27,10,16,0,2
1635105663277,74,1,24,11,7,0,2
1635105663277,75,1,24,7,15,0,2
1635105663277,76,1,24,5,17,0,0
1635105663277,77,1,24,5,17,0,0
1635105663277,78,1,24,7,13,0,2
1635105663277,79,1,24,6,14,0,0
1635105663277,80,1,24,14,3,0,1
1635105663277,81,1,22,11,11,0,2
1635105663277,82,1,24,11,11,0,2
1635105663277,83,1,24,11,11,0,2
1635105663277,84,1,24,7,16,0,0
1635105663277,85,1,27,15,12,0,2
1635105663277,86,0,24,0,0,0,3
1635105663277,87,1,24,10,11,0,2
1635105663277,88,1,24,11,12,0,2
1635105663277,89,1,24,3,19,0,0
1635105663277,90,1,27,5,17,0,0
1635105663277,91,1,21,5,10,0,2
1635105663277,92,1,24,5,18,0,0
1635105663277,93,1,24,3,20,0,0
1635105663277,94,1,24,5,18,0,0
1635105663277,95,1,30,14,14,0,2
1635105663277,96,1,24,4,18,0,0
1635105663277,97,1,24,1,19,0,0
1635105663277,98,1,24,0,21,0,0
1635105663277,99,1,21,2,16,0,0
1635105663277,100,1,24,3,20,0,0
1635105663277,101,1,27,3,23,0,0
1635105663277,102,1,27,3,22,0,0
1635105663277,103,1,24,0,20,0,0
1635105663277,104,1,24,4,19,0,0
1635105663277,105,1,24,2,16,0,0
1635105663277,106,1,24,4,16,0,0
1635105663277,107,1,24,7,16,0,0
1635105663277,108,1,24,4,17,0,0
1635105663277,109,1,21,4,15,0,0
1635105663277,110,1,24,4,17,0,0
1635105663277,111,1,18,0,18,0,0
1635105663277,112,1,18,1,17,0,0
1635105663277,113,1,24,10,14,0,2
1635105663277,114,1,27,4,20,0,0
1635105663277,115,1,24,5,17,0,0
1635105663277,116,1,24,1,18,0,0
1635105663277,117,1,24,0,24,0,0
1635105663277,118,1,24,1,19,0,0
1635105663277,119,1,24,7,14,0,2
1635105663277,120,1,24,2,19,0,0
1635105663277,121,1,24,2,22,0,0
1635105663277,122,1,24,4,17,0,0
1635105663277,123,0,24,0,0,0,3
1635105663277,124,0,24,0,0,0,3
1635105663277,125,1,24,5,16,0,0
1635105663277,126,1,24,18,4,0,1
1635105663277,127,1,24,11,12,1,2
1635105663277,128,1,24,13,8,0,2
1635105663277,129,1,24,11,11,0,2
1635105663277,130,1,24,18,6,0,1
1635105663277,131,1,24,3,21,0,0
1635105663277,169,1,24,7,17,0,0
1635105663277,164,1,24,5,17,0,0
1635105663277,163,1,24,7,13,0,2
1635105663277,168,1,24,5,19,0,0
1635105663277,160,1,27,3,17,0,0
1635105663277,161,1,24,7,15,0,2
1635105663277,157,1,20,3,11,0,0
1635105663277,156,1,24,2,21,0,0
1635105663277,149,1,24,10,12,0,2
1635105663277,150,1,24,1,20,0,0
1635105663277,153,1,24,1,21,0,0
1635105663277,158,1,24,3,20,0,0
1635105663277,151,1,24,2,18,0,0
1635105663277,152,1,24,7,15,0,2
1635105663277,154,1,24,2,19,0,0
1635105663277,159,1,24,0,21,0,0
1635105663277,162,1,27,5,21,0,0
1635105663277,165,1,12,4,7,0,2
1635105663277,167,1,24,6,18,0,0
1635105663277,166,1,24,0,24,0,0
1635105663277,170,1,24,7,16,0,0
1635105663277,171,1,24,0,20,0,0
1635105663277,155,1,18,3,14,0,0
1635105663277,148,1,24,5,17,0,0
1635105663277,144,1,24,7,16,0,2
1635105663277,146,1,24,3,18,0,0
1635105663277,147,1,24,2,20,0,0
1635105663277,145,1,24,3,17,0,0
1635105663277,142,1,24,3,18,0,0
1635105663277,143,1,24,1,21,0,0
1635105663277,141,1,24,3,21,0,0
1635105663277,139,1,24,6,14,0,0
1635105663277,140,1,24,0,23,0,0
1635105663277,137,1,24,4,20,0,0
1635105663277,138,1,24,1,21,0,0
1635105663277,173,1,24,11,13,0,2
1635105663277,172,1,24,6,16,0,0
1635105663277,132,1,27,5,17,0,0
1635105663277,133,1,24,8,11,0,2
1635105663277,134,1,21,7,8,0,2
1635105663277,136,1,24,6,14,1,0
1635105663277,135,1,27,8,11,0,2
1635105663277,174,1,24,7,15,0,2
1635105663277,175,1,24,12,5,0,1
1635105663277,176,1,24,12,11,0,2
1635105663277,177,1,24,5,14,0,0
1635105663277,178,1,24,5,17,0,0
1635105663277,179,1,24,15,6,0,1
1635105663277,180,1,24,13,8,0,2
1635105663277,181,1,24,5,17,0,0
1635105663277,182,1,27,12,7,0,2
1635105663277,183,1,21,15,3,0,1
1635105663277,184,1,24,11,9,1,2
1635105663277,185,1,24,13,9,0,2
1635105663277,186,1,24,15,8,0,2
1635105663277,187,1,24,15,8,0,2
1635105663277,188,1,24,14,9,0,2
1635105663277,189,1,27,12,14,0,2
1635105663277,190,1,24,8,14,0,2
1635105663277,191,1,24,3,18,0,0
1635105663277,192,1,24,11,11,0,2
1635105663277,193,1,24,2,22,0,0
1635105663277,194,1,24,2,19,0,0
1635105663277,195,1,24,3,20,0,0
1635105663277,196,1,27,1,22,0,0
1635105663277,197,1,24,7,15,0,2
1635105663277,198,1,24,2,22,0,0
1635105663277,199,1,18,7,10,0,2
1635105663277,200,1,27,4,19,0,0
1635105663277,201,1,27,7,17,0,0
1635105663277,202,1,24,2,17,0,0
1635105663277,203,1,24,3,18,0,0
1635105663277,204,1,24,8,9,1,2
1635105663277,205,1,24,7,14,0,2
1635105663277,206,1,24,4,17,0,0
1635105663277,207,1,27,4,22,0,0
1635105663277,208,1,24,13,8,1,2
1635105663277,209,1,24,3,19,0,0
1635105663277,210,1,24,8,14,0,2
1635105663277,211,1,24,2,19,0,0
1635105663277,212,1,24,5,19,0,0
1635105663277,213,1,24,2,16,0,0
1635105663277,214,1,24,7,14,0,2
1635105663277,215,1,18,0,16,1,0
1635105663277,216,1,24,2,22,0,0
1635105663277,217,1,24,1,23,0,0
1635105663277,218,1,27,8,14,0,2
1635105663277,219,1,24,8,13,0,2
1635105663277,220,1,24,10,10,0,2
1635105663277,221,1,24,7,13,0,2
1635105663277,222,1,24,2,21,0,0
1635105663277,223,1,24,6,16,0,0
1635105663277,224,1,24,17,4,0,1
1635105663277,225,1,24,7,14,0,2
1635105663277,226,1,24,5,15,0,0
1635105663277,227,1,24,13,6,0,2
1635105663277,228,1,24,3,18,1,0
1635105663277,229,1,24,22,1,0,1
1635105663277,230,1,24,15,8,0,2
1635105663277,231,1,24,11,8,0,2
1635105663277,232,1,24,18,4,0,1
1635105663277,233,1,24,7,14,0,0
1635105663277,234,1,24,16,7,0,2
1635105663277,236,1,24,18,6,0,1
1635105663277,235,1,24,12,9,0,2
1635105663277,237,1,24,3,16,0,0
1635105663277,238,1,24,7,11,0,2
1635105663277,239,1,24,4,18,0,0
1635105663277,240,1,24,6,17,0,0
1635105663277,241,1,24,4,19,0,0
1635105663277,242,1,24,5,17,1,0
1635105663277,243,1,24,20,3,0,1
1635105663277,244,1,24,9,13,0,2
1635105663277,245,1,24,5,17,0,0
1635105663277,246,1,24,7,16,0,0
1635105663277,247,1,24,4,16,0,0
1635105663277,248,1,24,5,16,0,0
1635105663277,249,1,24,11,12,0,2
1635105663277,250,1,24,4,18,0,0
1635105663277,251,1,24,7,16,0,0
1635105663277,252,1,24,2,21,0,0
1635105663277,253,1,24,6,10,0,2
1635105663277,254,1,24,6,16,0,0
1635105663277,270,1,24,4,16,0,0
1635105663277,256,1,24,4,19,0,0
1635105663277,257,1,24,6,18,0,0
1635105663277,258,1,24,2,20,0,0
1635105663277,259,1,24,4,18,0,0
1635105663277,260,1,24,2,21,0,0
1635105663277,261,1,21,3,15,0,0
1635105663277,262,1,24,10,13,0,2
1635105663277,263,1,24,5,18,0,0
1635105663277,264,1,24,6,17,0,0
1635105663277,265,1,24,13,10,0,2
1635105663277,266,0,24,1,0,0,3
1635105663277,267,1,24,8,15,0,2
1635105663277,268,1,24,5,18,0,0
1635105663277,269,1,24,4,15,0,0
1635109262646,1,1,30,6,21,0,0
1635109262646,2,1,30,23,5,0,1
1635109262646,3,1,24,2,19,0,0
1635109262646,4,1,18,5,10,0,2
1635109262646,5,1,24,0,23,0,0
1635109262646,6,1,27,4,22,0,0
1635109262646,7,1,24,9,12,0,2
1635109262646,8,1,21,9,10,0,2
1635109262646,9,1,24,4,18,0,0
1635109262646,10,1,24,9,11,0,2
1635109262646,11,1,24,1,18,0,0
1635109262646,12,1,24,3,18,0,0
1635109262646,13,1,24,2,15,0,0
1635109262646,14,1,24,3,16,0,0
1635109262646,15,1,24,6,15,0,0
1635109262646,16,1,21,3,14,0,0
1635109262646,17,1,21,4,12,0,0
1635109262646,18,1,24,6,11,0,2
1635109262646,19,1,24,11,7,0,2
1635109262646,20,1,24,1,20,0,0
1635109262646,21,0,30,0,0,0,3
1635109262646,25,1,24,4,17,0,0
1635109262646,26,0,24,0,0,0,3
1635109262646,27,1,24,2,13,0,0
1635109262646,28,1,24,3,20,0,0
1635109262646,29,1,24,4,20,0,0
1635109262646,30,1,24,12,7,0,2
1635109262646,31,1,24,8,10,0,2
1635109262646,32,1,24,8,13,0,2
1635109262646,33,1,24,7,13,0,2
1635109262646,34,1,27,1,24,0,0
1635109262646,35,1,27,13,14,0,2
1635109262646,36,1,18,16,1,0,1
1635109262646,37,0,21,2,15,0,3
1635109262646,38,1,24,12,10,0,2
1635109262646,39,1,24,17,5,0,1
1635109262646,40,1,24,7,13,0,2
1635109262646,41,1,24,16,4,0,1
1635109262646,42,1,24,17,0,0,1
1635109262646,43,1,27,11,10,0,2
1635109262646,44,1,24,6,12,0,2
1635109262646,45,1,18,10,8,0,2
1635109262646,46,1,24,15,3,0,1
1635109262646,47,1,24,5,17,0,0
1635109262646,48,1,21,12,7,0,2
1635109262646,49,1,21,8,8,0,2
1635109262646,50,1,24,16,5,0,1
1635109262646,51,1,24,7,12,0,2
1635109262646,52,1,24,5,17,0,0
1635109262646,53,1,24,10,14,0,2
1635109262646,54,1,24,3,16,0,0
1635109262646,55,1,27,14,7,0,2
1635109262646,56,1,24,18,4,0,1
1635109262646,57,1,24,8,13,0,2
1635109262646,58,1,21,0,19,0,0
1635109262646,59,1,24,7,11,0,2
1635109262646,60,1,24,2,21,0,0
1635109262646,61,1,24,0,20,0,0
1635109262646,62,1,24,10,13,0,2
1635109262646,63,1,21,1,17,0,0
1635109262646,64,1,24,5,13,0,0
1635109262646,65,1,24,3,19,0,0
1635109262646,66,1,24,5,18,0,0
1635109262646,67,1,24,6,14,0,0
1635109262646,69,1,24,9,15,0,2
1635109262646,71,1,24,12,9,0,2
1635109262646,72,1,21,11,7,0,2
1635109262646,73,1,27,10,16,0,2
1635109262646,74,1,24,11,7,0,2
1635109262646,75,1,24,6,16,0,0
1635109262646,76,1,24,4,18,0,0
1635109262646,77,1,24,9,13,0,2
1635109262646,78,1,24,7,13,0,2
1635109262646,79,1,24,5,15,0,0
1635109262646,80,1,24,19,3,0,1
1635109262646,81,1,22,11,11,0,2
1635109262646,82,1,24,12,10,0,2
1635109262646,83,1,24,14,7,0,2
1635109262646,84,1,24,10,13,0,2
1635109262646,85,1,27,15,12,0,2
1635109262646,86,0,24,0,0,0,3
1635109262646,87,1,24,10,11,0,2
1635109262646,88,1,24,11,12,0,2
1635109262646,89,1,24,5,16,1,0
1635109262646,90,1,27,5,18,0,0
1635109262646,91,1,21,4,11,0,2
1635109262646,92,1,24,5,18,0,0
1635109262646,93,1,24,3,20,0,0
1635109262646,94,1,24,6,17,0,0
1635109262646,95,1,30,13,15,0,2
1635109262646,96,1,24,2,20,0,0
1635109262646,97,1,24,2,20,0,0
1635109262646,98,1,24,0,21,0,0
1635109262646,99,1,21,2,16,0,0
1635109262646,100,1,24,2,21,0,0
1635109262646,101,1,27,2,24,0,0
1635109262646,102,1,27,3,22,0,0
1635109262646,103,1,24,0,21,0,0
1635109262646,104,1,24,3,20,0,0
1635109262646,105,1,24,1,18,0,0
1635109262646,106,1,24,2,18,0,0
1635109262646,107,1,24,6,17,0,0
1635109262646,108,1,24,6,15,0,0
1635109262646,109,1,21,3,16,0,0
1635109262646,110,1,24,4,17,0,0
1635109262646,111,1,18,0,18,0,0
1635109262646,112,1,18,1,17,0,0
1635109262646,113,1,24,8,16,0,2
1635109262646,114,1,27,2,23,0,0
1635109262646,115,1,24,5,17,0,0
1635109262646,116,1,24,1,18,0,0
1635109262646,117,1,24,0,24,0,0
1635109262646,118,1,24,2,18,0,0
1635109262646,119,1,24,7,14,0,2
1635109262646,120,1,24,2,19,0,0
1635109262646,121,1,24,2,22,0,0
1635109262646,122,1,24,6,15,0,0
1635109262646,123,0,24,0,0,0,3
1635109262646,124,0,24,0,0,0,3
1635109262646,125,1,24,5,16,0,0
1635109262646,126,1,24,18,4,0,1
1635109262646,127,1,24,12,12,0,2
1635109262646,128,1,24,15,6,0,1
1635109262646,129,1,24,15,8,0,2
1635109262646,130,1,24,17,7,0,1
1635109262646,131,1,24,3,21,0,0
1635109262646,169,1,24,4,19,1,0
1635109262646,164,1,24,5,17,0,0
1635109262646,163,1,24,6,14,0,0
1635109262646,168,1,24,8,16,0,2
1635109262646,160,1,27,3,17,0,0
1635109262646,161,1,24,8,14,0,2
1635109262646,157,1,20,1,13,0,0
1635109262646,156,1,24,0,23,0,0
1635109262646,149,1,24,8,12,0,2
1635109262646,150,1,24,2,19,0,0
1635109262646,153,1,24,1,21,0,0
1635109262646,158,1,24,4,19,0,0
1635109262646,151,1,24,1,19,0,0
1635109262646,152,1,24,8,14,0,2
1635109262646,154,1,24,3,18,0,0
1635109262646,159,1,24,0,21,0,0
1635109262646,162,1,27,4,22,0,0
1635109262646,165,1,12,4,7,0,2
1635109262646,167,1,24,6,18,0,0
1635109262646,166,1,24,1,23,0,0
1635109262646,170,1,24,5,18,0,0
1635109262646,171,1,24,0,20,0,0
1635109262646,155,1,18,4,13,0,0
1635109262646,148,1,24,4,17,0,0
1635109262646,144,1,24,7,16,0,0
1635109262646,146,1,24,3,18,0,0
1635109262646,147,1,24,1,21,0,0
1635109262646,145,1,24,2,18,0,0
1635109262646,142,1,24,3,18,0,0
1635109262646,143,1,24,1,21,0,0
1635109262646,141,1,24,3,21,0,0
1635109262646,139,1,24,7,13,0,2
1635109262646,140,1,24,0,23,0,0
1635109262646,137,1,24,2,22,0,0
1635109262646,138,1,24,1,22,0,0
1635109262646,173,1,24,10,13,0,2
1635109262646,172,1,24,6,16,0,0
1635109262646,132,1,27,7,15,0,2
1635109262646,133,1,24,8,11,0,2
1635109262646,134,1,21,7,8,0,2
1635109262646,136,1,24,9,12,0,2
1635109262646,135,1,27,6,13,0,2
1635109262646,174,1,24,8,14,0,2
1635109262646,175,1,24,11,4,2,1
1635109262646,176,1,24,15,7,0,2
1635109262646,177,1,24,5,14,0,0
1635109262646,178,1,24,7,15,0,2
1635109262646,179,1,24,17,4,0,1
1635109262646,180,1,24,11,10,0,2
1635109262646,181,1,24,11,11,0,2
1635109262646,182,1,27,11,9,0,2
1635109262646,183,1,21,16,2,0,1
1635109262646,184,1,24,11,8,2,2
1635109262646,185,1,24,13,9,0,2
1635109262646,186,1,24,17,6,0,1
1635109262646,187,1,24,17,6,0,1
1635109262646,188,1,24,14,9,0,2
1635109262646,189,1,27,9,17,0,2
1635109262646,190,1,24,7,15,0,2
1635109262646,191,1,24,4,17,0,0
1635109262646,192,1,24,11,11,0,2
1635109262646,193,1,24,2,22,0,0
1635109262646,194,1,24,2,19,0,0
1635109262646,195,1,24,3,20,0,0
1635109262646,196,1,27,4,19,0,0
1635109262646,197,1,24,6,16,0,0
1635109262646,198,1,24,1,23,0,0
1635109262646,199,1,18,5,12,0,0
1635109262646,200,1,27,3,20,0,0
1635109262646,201,1,27,7,17,0,0
1635109262646,202,1,24,1,18,0,0
1635109262646,203,1,24,2,19,0,0
1635109262646,204,1,24,10,7,0,2
1635109262646,205,1,24,8,13,0,2
1635109262646,206,1,24,4,17,0,0
1635109262646,207,1,27,4,21,0,0
1635109262646,208,1,24,10,11,0,2
1635109262646,209,1,24,2,20,0,0
1635109262646,210,1,24,7,15,0,2
1635109262646,211,1,24,4,17,0,0
1635109262646,212,1,24,3,21,0,0
1635109262646,213,1,24,5,13,0,0
1635109262646,214,1,24,6,15,0,0
1635109262646,215,1,18,2,15,0,0
1635109262646,216,1,24,2,22,0,0
1635109262646,217,1,24,2,22,0,0
1635109262646,218,1,27,9,13,0,2
1635109262646,219,1,24,4,16,0,0
1635109262646,220,1,24,12,8,0,2
1635109262646,221,1,24,10,11,0,2
1635109262646,222,1,24,2,21,0,0
1635109262646,223,1,24,9,12,0,2
1635109262646,224,1,24,17,4,0,1
1635109262646,225,1,24,7,14,0,2
1635109262646,226,1,24,6,14,0,0
1635109262646,227,1,24,15,4,0,1
1635109262646,228,1,24,4,18,0,0
1635109262646,229,1,24,22,1,0,1
1635109262646,230,1,24,15,8,0,2
1635109262646,231,1,24,11,7,0,2
1635109262646,232,1,24,21,1,0,1
1635109262646,233,1,24,8,13,0,2
1635109262646,234,1,24,17,6,0,1
1635109262646,236,1,24,20,4,0,1
1635109262646,235,1,24,12,10,0,2
1635109262646,237,1,24,4,15,0,0
1635109262646,238,1,24,7,11,0,2
1635109262646,239,1,24,4,18,0,0
1635109262646,240,1,24,8,15,0,2
1635109262646,241,1,24,4,19,0,0
1635109262646,242,1,24,6,17,0,0
1635109262646,243,1,24,22,0,0,1
1635109262646,244,1,24,10,11,0,2
1635109262646,245,1,24,5,17,0,0
1635109262646,246,1,24,8,15,0,2
1635109262646,247,1,24,4,16,0,0
1635109262646,248,1,24,4,17,0,0
1635109262646,249,1,24,13,10,0,2
1635109262646,250,1,24,4,19,0,0
1635109262646,251,1,24,7,16,0,0
1635109262646,252,1,24,1,22,0,0
1635109262646,253,1,24,8,7,1,2
1635109262646,254,1,24,5,17,0,0
1635109262646,270,1,24,4,16,0,0
1635109262646,256,1,24,4,20,0,0
1635109262646,257,1,24,6,18,0,0
1635109262646,258,1,24,2,20,0,0
1635109262646,259,1,24,4,18,0,0
1635109262646,260,1,24,1,22,0,0
1635109262646,261,1,21,5,14,0,0
1635109262646,262,1,24,10,13,0,2
1635109262646,263,1,24,6,17,0,0
1635109262646,264,1,24,7,15,0,2
1635109262646,265,1,24,13,10,0,2
1635109262646,266,0,24,1,0,0,3
1635109262646,267,1,24,8,15,0,2
1635109262646,268,1,24,5,18,0,0
1635109262646,269,1,24,4,15,0,0
1635112862915,1,1,30,6,20,1,0
1635112862915,2,1,30,20,8,0,1
1635112862915,3,1,24,2,19,0,0
1635112862915,4,1,18,5,10,0,2
1635112862915,5,1,24,2,21,0,0
1635112862915,6,1,27,3,23,0,0
1635112862915,7,1,24,9,13,0,2
1635112862915,8,1,21,7,12,0,2
1635112862915,9,1,24,3,18,0,0
1635112862915,10,1,24,7,13,0,2
1635112862915,11,1,24,1,18,0,0
1635112862915,12,1,24,2,20,0,0
1635112862915,13,1,24,2,15,0,0
1635112862915,14,1,24,2,17,0,0
1635112862915,15,1,24,5,16,0,0
1635112862915,16,1,21,2,15,0,0
1635112862915,17,1,21,3,13,0,0
1635112862915,18,1,24,4,13,0,0
1635112862915,19,1,24,13,5,0,1
1635112862915,20,1,24,2,19,1,0
1635112862915,21,0,30,0,0,0,3
1635112862915,25,1,24,5,16,0,0
1635112862915,26,0,24,0,0,0,3
1635112862915,27,1,24,2,13,0,0
1635112862915,28,1,24,3,20,0,0
1635112862915,29,1,24,4,20,0,0
1635112862915,30,1,24,9,10,0,2
1635112862915,31,1,24,4,14,0,0
1635112862915,32,1,24,8,13,0,2
1635112862915,33,1,24,6,14,0,0
1635112862915,34,1,27,0,25,0,0
1635112862915,35,1,27,12,14,0,2
1635112862915,36,1,18,17,0,0,1
1635112862915,37,0,21,2,15,0,3
1635112862915,38,1,24,9,13,0,2
1635112862915,39,1,24,17,5,0,1
1635112862915,40,1,24,6,14,0,0
1635112862915,41,1,24,17,3,0,1
1635112862915,42,1,24,16,2,0,1
1635112862915,43,1,27,9,12,0,2
1635112862915,44,1,24,7,11,0,2
1635112862915,45,1,18,11,7,0,2
1635112862915,46,1,24,17,1,0,1
1635112862915,47,1,24,8,15,0,2
1635112862915,48,1,21,9,10,0,2
1635112862915,49,1,21,8,8,0,2
1635112862915,50,1,24,15,6,0,1
1635112862915,51,1,24,8,11,0,2
1635112862915,52,1,24,8,14,0,2
1635112862915,53,1,24,12,12,0,2
1635112862915,54,1,24,4,15,0,0
1635112862915,55,1,27,15,6,0,1
1635112862915,56,1,24,14,8,0,2
1635112862915,57,1,24,9,13,0,2
1635112862915,58,1,21,7,14,0,2
1635112862915,59,1,24,4,14,0,0
1635112862915,60,1,24,2,21,0,0
1635112862915,61,1,24,1,19,0,0
1635112862915,62,1,24,12,11,0,2
1635112862915,63,1,21,1,17,0,0
1635112862915,64,1,24,3,15,0,0
1635112862915,65,1,24,3,21,0,0
1635112862915,66,1,24,5,18,0,0
1635112862915,67,1,24,7,14,0,2
1635112862915,69,1,24,7,17,0,0
1635112862915,71,1,24,8,13,0,2
1635112862915,72,1,21,11,7,0,2
1635112862915,73,1,27,11,15,0,2
1635112862915,74,1,24,11,7,0,2
1635112862915,75,1,24,5,15,1,0
1635112862915,76,1,24,6,16,0,0
1635112862915,77,1,24,11,11,0,2
1635112862915,78,1,24,7,13,0,2
1635112862915,79,1,24,5,14,1,0
1635112862915,80,1,24,20,2,0,1
1635112862915,81,1,22,10,12,0,2
1635112862915,82,1,24,12,10,0,2
1635112862915,83,1,24,13,9,0,2
1635112862915,84,1,24,5,18,0,0
1635112862915,85,1,27,11,16,0,2
1635112862915,86,0,24,0,0,0,3
1635112862915,87,1,24,12,10,0,2
1635112862915,88,1,24,11,12,0,2
1635112862915,89,1,24,7,15,0,2
1635112862915,90,1,27,6,17,0,0
1635112862915,91,1,21,2,13,0,0
1635112862915,92,1,24,4,19,0,0
1635112862915,93,1,24,3,20,0,0
1635112862915,94,1,24,4,19,0,0
1635112862915,95,1,30,10,18,0,2
1635112862915,96,1,24,3,19,0,0
1635112862915,97,1,24,2,20,0,0
1635112862915,98,1,24,0,21,0,0
1635112862915,99,1,21,3,15,0,0
1635112862915,100,1,24,2,21,0,0
1635112862915,101,1,27,2,24,0,0
1635112862915,102,1,27,2,23,0,0
1635112862915,103,1,24,0,21,0,0
1635112862915,104,1,24,3,20,0,0
1635112862915,105,1,24,1,18,0,0
1635112862915,106,1,24,2,17,0,0
1635112862915,107,1,24,4,19,0,0
1635112862915,108,1,24,6,15,0,0
1635112862915,109,1,21,2,17,0,0
1635112862915,110,1,24,4,17,0,0
1635112862915,111,1,18,0,18,0,0
1635112862915,112,1,18,1,17,0,0
1635112862915,113,1,24,6,18,0,0
1635112862915,114,1,27,4,21,0,0
1635112862915,115,1,24,5,17,0,0
1635112862915,116,1,24,1,18,0,0
1635112862915,117,1,24,1,23,0,0
1635112862915,118,1,24,0,20,0,0
1635112862915,119,1,24,8,13,0,2
1635112862915,120,1,24,1,20,0,0
1635112862915,121,1,24,2,22,0,0
1635112862915,122,1,24,6,15,0,0
1635112862915,123,0,24,0,0,0,3
1635112862915,124,0,24,0,0,0,3
1635112862915,125,1,24,4,17,0,0
1635112862915,126,1,24,19,3,0,1
1635112862915,127,1,24,11,13,0,2
1635112862915,128,1,24,15,6,0,1
1635112862915,129,1,24,12,11,0,2
1635112862915,130,1,24,16,8,0,2
1635112862915,131,1,24,2,21,0,0
1635112862915,169,1,24,7,17,0,0
1635112862915,164,1,24,6,16,0,0
1635112862915,163,1,24,7,13,0,2
1635112862915,168,1,24,5,17,0,0
1635112862915,160,1,27,3,17,0,0
1635112862915,161,1,24,4,17,0,0
1635112862915,157,1,20,1,13,0,0
1635112862915,156,1,24,0,23,0,0
1635112862915,149,1,24,6,14,0,0
1635112862915,150,1,24,2,19,0,0
1635112862915,153,1,24,4,19,0,0
1635112862915,158,1,24,4,19,0,0
1635112862915,151,1,24,1,19,0,0
1635112862915,152,1,24,8,14,0,2
1635112862915,154,1,24,9,15,0,2
1635112862915,159,1,24,0,21,0,0
1635112862915,162,1,27,4,22,0,0
1635112862915,165,1,12,4,7,0,2
1635112862915,167,1,24,6,18,0,0
1635112862915,166,1,24,1,23,0,0
1635112862915,170,1,24,8,15,0,2
1635112862915,171,1,24,1,19,0,0
1635112862915,155,1,18,5,12,0,0
1635112862915,148,1,24,6,16,0,0
1635112862915,144,1,24,7,16,0,0
1635112862915,146,1,24,3,18,0,0
1635112862915,147,1,24,1,21,0,0
1635112862915,145,1,24,1,19,0,0
1635112862915,142,1,24,3,18,0,0
1635112862915,143,1,24,1,21,0,0
1635112862915,141,1,24,3,21,0,0
1635112862915,139,1,24,8,12,0,2
1635112862915,140,1,24,0,23,0,0
1635112862915,137,1,24,2,22,0,0
1635112862915,138,1,24,1,22,0,0
1635112862915,173,1,24,10,13,0,2
1635112862915,172,1,24,6,16,0,0
1635112862915,132,1,27,8,15,0,2
1635112862915,133,1,24,10,9,0,2
1635112862915,134,1,21,5,10,0,2
1635112862915,136,1,24,11,10,0,2
1635112862915,135,1,27,6,14,0,0
1635112862915,174,1,24,8,14,0,2
1635112862915,175,1,24,14,4,0,1
1635112862915,176,1,24,17,5,0,1
1635112862915,177,1,24,5,14,0,0
1635112862915,178,1,24,7,15,0,2
1635112862915,179,1,24,20,1,0,1
1635112862915,180,1,24,6,17,1,0
1635112862915,181,1,24,10,12,0,2
1635112862915,182,1,27,13,7,0,2
1635112862915,183,1,21,18,0,0,1
1635112862915,184,1,24,11,10,0,2
1635112862915,185,1,24,16,6,0,1
1635112862915,186,1,24,19,4,0,1
1635112862915,187,1,24,21,3,0,1
1635112862915,188,1,24,14,9,0,2
1635112862915,189,1,27,12,14,0,2
1635112862915,190,1,24,5,17,0,0
1635112862915,191,1,24,4,17,0,0
1635112862915,192,1,24,10,12,0,2
1635112862915,193,1,24,2,22,0,0
1635112862915,194,1,24,8,13,0,2
1635112862915,195,1,24,3,20,0,0
1635112862915,196,1,27,4,19,0,0
1635112862915,197,1,24,7,15,0,2
1635112862915,198,1,24,2,22,0,0
1635112862915,199,1,18,6,11,0,2
1635112862915,200,1,27,5,18,0,0
1635112862915,201,1,27,7,17,0,0
1635112862915,202,1,24,1,18,0,0
1635112862915,203,1,24,3,18,0,0
1635112862915,204,1,24,11,7,0,2
1635112862915,205,1,24,7,14,0,2
1635112862915,206,1,24,2,19,0,0
1635112862915,207,1,27,8,18,0,0
1635112862915,208,1,24,7,14,0,2
1635112862915,209,1,24,2,20,0,0
1635112862915,210,1,24,7,15,0,2
1635112862915,211,1,24,2,18,0,0
1635112862915,212,1,24,3,19,0,0
1635112862915,213,1,24,7,11,0,2
1635112862915,214,1,24,7,14,0,2
1635112862915,215,1,18,3,14,0,0
1635112862915,216,1,24,1,23,0,0
1635112862915,217,1,24,1,23,0,0
1635112862915,218,1,27,10,12,0,2
1635112862915,219,1,24,5,15,0,0
1635112862915,220,1,24,17,2,0,1
1635112862915,221,1,24,13,8,0,2
1635112862915,222,1,24,3,20,0,0
1635112862915,223,1,24,9,12,0,2
1635112862915,224,1,24,21,0,0,1
1635112862915,225,1,24,6,15,0,0
1635112862915,226,1,24,4,17,0,0
1635112862915,227,1,24,16,3,0,1
1635112862915,228,1,24,6,16,0,0
1635112862915,229,1,24,21,2,0,1
1635112862915,230,1,24,17,6,0,1
1635112862915,231,1,24,12,6,0,2
1635112862915,232,1,24,22,0,0,1
1635112862915,233,1,24,8,13,0,2
1635112862915,234,1,24,17,6,0,1
1635112862915,236,1,24,20,4,0,1
1635112862915,235,1,24,15,7,0,2
1635112862915,237,1,24,4,15,0,0
1635112862915,238,1,24,7,11,0,2
1635112862915,239,1,24,4,18,0,0
1635112862915,240,1,24,9,14,0,2
1635112862915,241,1,24,6,17,0,0
1635112862915,242,1,24,7,16,0,0
1635112862915,243,1,24,23,0,0,1
1635112862915,244,1,24,11,9,1,2
1635112862915,245,1,24,6,16,0,0
1635112862915,246,1,24,8,15,0,2
1635112862915,247,1,24,7,15,0,2
1635112862915,248,1,24,3,18,0,0
1635112862915,249,1,24,13,10,0,2
1635112862915,250,1,24,4,19,0,0
1635112862915,251,1,24,8,15,0,2
1635112862915,252,1,24,1,22,0,0
1635112862915,253,1,24,12,5,0,1
1635112862915,254,1,24,3,19,0,0
1635112862915,270,1,24,4,16,0,0
1635112862915,256,1,24,4,20,0,0
1635112862915,257,1,24,6,18,0,0
1635112862915,258,1,24,2,20,0,0
1635112862915,259,1,24,5,17,0,0
1635112862915,260,1,24,1,22,0,0
1635112862915,261,1,21,5,14,0,0
1635112862915,262,1,24,10,13,0,2
1635112862915,263,1,24,6,17,0,0
1635112862915,264,1,24,7,15,0,2
1635112862915,265,1,24,13,10,0,2
1635112862915,266,0,24,1,0,0,3
1635112862915,267,1,24,8,15,0,2
1635112862915,268,1,24,5,18,0,0
1635112862915,269,1,24,4,15,0,0
